-- --------------------------------------------------------
-- Host:                         127.0.0.1
-- Versión del servidor:         8.0.30 - MySQL Community Server - GPL
-- SO del servidor:              Win64
-- HeidiSQL Versión:             12.1.0.6537
-- --------------------------------------------------------

/*!40101 SET @OLD_CHARACTER_SET_CLIENT=@@CHARACTER_SET_CLIENT */;
/*!40101 SET NAMES utf8 */;
/*!50503 SET NAMES utf8mb4 */;
/*!40103 SET @OLD_TIME_ZONE=@@TIME_ZONE */;
/*!40103 SET TIME_ZONE='+00:00' */;
/*!40014 SET @OLD_FOREIGN_KEY_CHECKS=@@FOREIGN_KEY_CHECKS, FOREIGN_KEY_CHECKS=0 */;
/*!40101 SET @OLD_SQL_MODE=@@SQL_MODE, SQL_MODE='NO_AUTO_VALUE_ON_ZERO' */;
/*!40111 SET @OLD_SQL_NOTES=@@SQL_NOTES, SQL_NOTES=0 */;


-- Volcando estructura de base de datos para webpf
CREATE DATABASE IF NOT EXISTS `webpf` /*!40100 DEFAULT CHARACTER SET utf8mb4 COLLATE utf8mb4_0900_ai_ci */ /*!80016 DEFAULT ENCRYPTION='N' */;
USE `webpf`;

-- Volcando estructura para tabla webpf.categorias
CREATE TABLE IF NOT EXISTS `categorias` (
  `IdCategoria` int NOT NULL AUTO_INCREMENT,
  `Categoria` varchar(200) NOT NULL,
  PRIMARY KEY (`IdCategoria`)
) ENGINE=InnoDB AUTO_INCREMENT=6 DEFAULT CHARSET=utf8mb4 COLLATE=utf8mb4_0900_ai_ci;

-- Volcando datos para la tabla webpf.categorias: ~5 rows (aproximadamente)
INSERT INTO `categorias` (`IdCategoria`, `Categoria`) VALUES
	(1, 'Televisores'),
	(2, 'Telefonos'),
	(3, 'Audio'),
	(4, 'Camaras'),
	(5, 'Computadoras');

-- Volcando estructura para tabla webpf.clientes
CREATE TABLE IF NOT EXISTS `clientes` (
  `IdCliente` int NOT NULL AUTO_INCREMENT,
  `Nombre` varchar(200) NOT NULL,
  `Apellido` varchar(200) NOT NULL,
  `Correo` varchar(200) NOT NULL,
  `Contraseña` varchar(200) NOT NULL,
  `NIT` varchar(20) DEFAULT NULL,
  `IdRol` int DEFAULT NULL,
  PRIMARY KEY (`IdCliente`),
  KEY `IX_Relationship6` (`IdRol`),
  CONSTRAINT `Relationship6` FOREIGN KEY (`IdRol`) REFERENCES `rols` (`IdRol`) ON DELETE RESTRICT ON UPDATE RESTRICT
) ENGINE=InnoDB AUTO_INCREMENT=6 DEFAULT CHARSET=utf8mb4 COLLATE=utf8mb4_0900_ai_ci;

-- Volcando datos para la tabla webpf.clientes: ~3 rows (aproximadamente)
INSERT INTO `clientes` (`IdCliente`, `Nombre`, `Apellido`, `Correo`, `Contraseña`, `NIT`, `IdRol`) VALUES
	(1, 'Eduardo', 'Alvarez', 'f@gmail.com', '$2y$12$2pvEtYSKO8EeqhqDnF0a3e1iAd2PfVbprWYmeQN40GwFu0x/nAjcm', '1651025-9', 1),
	(2, 'Rodrigo', 'Merida', 'merida@gmail.com', '$2y$12$2pvEtYSKO8EeqhqDnF0a3e1iAd2PfVbprWYmeQN40GwFu0x/nAjcm', '12345sd', 2),
	(5, 'David', 'De Leon', 'd@gmail.com', '$2y$12$6zBA6CCL1FGFnFknPFP/XOxloIGJ08./o3ZeMWKUZxqdiOEHKLNxG', NULL, 4);

-- Volcando estructura para tabla webpf.cotizaciones
CREATE TABLE IF NOT EXISTS `cotizaciones` (
  `IdCotizacion` int NOT NULL AUTO_INCREMENT,
  `Fecha` datetime NOT NULL,
  `Total` decimal(8,2) NOT NULL,
  `Destino` varchar(200) NOT NULL,
  `IdCliente` int NOT NULL,
  PRIMARY KEY (`IdCotizacion`),
  KEY `IX_Relationship9` (`IdCliente`),
  CONSTRAINT `Relationship9` FOREIGN KEY (`IdCliente`) REFERENCES `clientes` (`IdCliente`) ON DELETE RESTRICT ON UPDATE RESTRICT
) ENGINE=InnoDB AUTO_INCREMENT=14 DEFAULT CHARSET=utf8mb4 COLLATE=utf8mb4_0900_ai_ci;

-- Volcando datos para la tabla webpf.cotizaciones: ~13 rows (aproximadamente)
INSERT INTO `cotizaciones` (`IdCotizacion`, `Fecha`, `Total`, `Destino`, `IdCliente`) VALUES
	(1, '2024-11-16 20:21:49', 8697.50, '9na calle 15 avenida 15-61 zona 3, Quetzaltenango', 1),
	(2, '2024-11-16 20:22:16', 1599.00, 'Xela', 2),
	(3, '2024-11-16 21:25:49', 1599.00, 'Xela', 2),
	(4, '2024-11-16 21:27:17', 10099.36, 'xd', 2),
	(5, '2024-11-16 21:28:26', 3699.00, 'xd', 2),
	(6, '2024-11-16 21:29:52', 1599.00, 'dc', 2),
	(7, '2024-11-16 21:51:42', 3699.00, 'd', 2),
	(8, '2024-11-16 21:53:23', 1599.00, 'v', 2),
	(9, '2024-11-16 21:59:07', 10000.00, 'Xela', 2),
	(10, '2024-11-19 22:44:42', 3657.00, 'asas', 2),
	(11, '2024-11-19 22:45:08', 3657.00, 'assasasasa', 2),
	(12, '2024-11-19 23:30:07', 1899.00, 'xxxxxx', 1),
	(13, '2024-11-19 23:32:40', 11999.00, '45812', 1);

-- Volcando estructura para tabla webpf.detalle_cotizaciones
CREATE TABLE IF NOT EXISTS `detalle_cotizaciones` (
  `IdDetalle` int NOT NULL AUTO_INCREMENT,
  `Cantidad` int NOT NULL,
  `Precio` decimal(8,2) NOT NULL,
  `IdInventario` int DEFAULT NULL,
  `IdCotizacion` int DEFAULT NULL,
  PRIMARY KEY (`IdDetalle`),
  KEY `IX_Relationship10` (`IdInventario`),
  KEY `IX_Relationship11` (`IdCotizacion`),
  CONSTRAINT `Relationship10` FOREIGN KEY (`IdInventario`) REFERENCES `inventarios` (`IdInventario`) ON DELETE RESTRICT ON UPDATE RESTRICT,
  CONSTRAINT `Relationship11` FOREIGN KEY (`IdCotizacion`) REFERENCES `cotizaciones` (`IdCotizacion`) ON DELETE RESTRICT ON UPDATE RESTRICT
) ENGINE=InnoDB AUTO_INCREMENT=15 DEFAULT CHARSET=utf8mb4 COLLATE=utf8mb4_0900_ai_ci;

-- Volcando datos para la tabla webpf.detalle_cotizaciones: ~14 rows (aproximadamente)
INSERT INTO `detalle_cotizaciones` (`IdDetalle`, `Cantidad`, `Precio`, `IdInventario`, `IdCotizacion`) VALUES
	(1, 1, 1299.50, 2, 1),
	(2, 2, 3699.00, 3, 1),
	(3, 1, 1599.00, 4, 2),
	(4, 1, 1599.00, 4, 3),
	(5, 1, 10099.36, 5, 4),
	(6, 1, 3699.00, 3, 5),
	(7, 1, 1599.00, 4, 6),
	(8, 1, 3699.00, 3, 7),
	(9, 1, 1599.00, 4, 8),
	(10, 1, 10000.00, 1, 9),
	(11, 1, 3657.00, 1, 10),
	(12, 1, 3657.00, 1, 11),
	(13, 1, 1899.00, 4, 12),
	(14, 1, 11999.00, 5, 13);

-- Volcando estructura para tabla webpf.detalle_ventas
CREATE TABLE IF NOT EXISTS `detalle_ventas` (
  `IdDetalle` int NOT NULL AUTO_INCREMENT,
  `Cantidad` int NOT NULL,
  `IdVenta` int DEFAULT NULL,
  `IdInventario` int DEFAULT NULL,
  `Precio` decimal(8,2) NOT NULL,
  PRIMARY KEY (`IdDetalle`),
  KEY `IX_Relationship9` (`IdVenta`),
  KEY `IX_Relationship8` (`IdInventario`),
  CONSTRAINT `` FOREIGN KEY (`IdVenta`) REFERENCES `ventas` (`IdVenta`) ON DELETE RESTRICT ON UPDATE RESTRICT,
  CONSTRAINT `Relationship8` FOREIGN KEY (`IdInventario`) REFERENCES `inventarios` (`IdInventario`) ON DELETE RESTRICT ON UPDATE RESTRICT
) ENGINE=InnoDB AUTO_INCREMENT=22 DEFAULT CHARSET=utf8mb4 COLLATE=utf8mb4_0900_ai_ci;

-- Volcando datos para la tabla webpf.detalle_ventas: ~21 rows (aproximadamente)
INSERT INTO `detalle_ventas` (`IdDetalle`, `Cantidad`, `IdVenta`, `IdInventario`, `Precio`) VALUES
	(1, 1, 1, 2, 1299.50),
	(2, 2, 1, 3, 3699.00),
	(3, 1, 2, 2, 1299.50),
	(4, 2, 2, 3, 3699.00),
	(5, 1, 3, 3, 3699.00),
	(6, 1, 4, 1, 10000.00),
	(7, 1, 5, 1, 10000.00),
	(8, 5, 6, 4, 1599.00),
	(9, 1, 7, 1, 10000.00),
	(10, 1, 8, 1, 10000.00),
	(11, 1, 9, 1, 10000.00),
	(12, 2, 10, 1, 10000.00),
	(13, 1, 11, 1, 10000.00),
	(14, 1, 12, 1, 10000.00),
	(15, 1, 13, 1, 10000.00),
	(16, 15, 14, 1, 3657.00),
	(17, 10, 15, 1, 3657.00),
	(18, 3, 16, 4, 1899.00),
	(19, 16, 17, 19, 1299.50),
	(20, 1, 18, 3, 3699.00),
	(21, 1, 18, 1, 3657.00);

-- Volcando estructura para tabla webpf.inventarios
CREATE TABLE IF NOT EXISTS `inventarios` (
  `IdInventario` int NOT NULL AUTO_INCREMENT,
  `Cantidad` int NOT NULL,
  `IdTienda` int DEFAULT NULL,
  `IdProducto` int DEFAULT NULL,
  PRIMARY KEY (`IdInventario`),
  KEY `IX_Relationship3` (`IdTienda`),
  KEY `IX_Relationship5` (`IdProducto`),
  CONSTRAINT `Relationship3` FOREIGN KEY (`IdTienda`) REFERENCES `tiendas` (`IdTienda`) ON DELETE RESTRICT ON UPDATE RESTRICT,
  CONSTRAINT `Relationship5` FOREIGN KEY (`IdProducto`) REFERENCES `productos` (`IdProducto`) ON DELETE RESTRICT ON UPDATE RESTRICT
) ENGINE=InnoDB AUTO_INCREMENT=20 DEFAULT CHARSET=utf8mb4 COLLATE=utf8mb4_0900_ai_ci;

-- Volcando datos para la tabla webpf.inventarios: ~8 rows (aproximadamente)
INSERT INTO `inventarios` (`IdInventario`, `Cantidad`, `IdTienda`, `IdProducto`) VALUES
	(1, 0, 1, 1),
	(2, 1, 1, 2),
	(3, 0, 1, 3),
	(4, 1, 1, 4),
	(5, 1, 1, 5),
	(17, 2, 2, 1),
	(18, 1, 3, 1),
	(19, 14, 2, 2);

-- Volcando estructura para tabla webpf.logs
CREATE TABLE IF NOT EXISTS `logs` (
  `IdLogs` int NOT NULL AUTO_INCREMENT,
  `Descripcion` varchar(5000) CHARACTER SET utf8mb4 COLLATE utf8mb4_0900_ai_ci NOT NULL,
  PRIMARY KEY (`IdLogs`)
) ENGINE=InnoDB AUTO_INCREMENT=16 DEFAULT CHARSET=utf8mb4 COLLATE=utf8mb4_0900_ai_ci;

-- Volcando datos para la tabla webpf.logs: ~15 rows (aproximadamente)
INSERT INTO `logs` (`IdLogs`, `Descripcion`) VALUES
	(1, 'Rodrigo eliminó el producto "Tv Smart LG" del inventario de la tienda "Chiquimula" a las 7:33:02 p. m.'),
	(2, 'Rodrigo eliminó el producto "Tv Smart" del inventario de la tienda "Chiquimula" a las 7:35:21 p. m.'),
	(3, 'Rodrigo agregó el producto "Tv Smart" al inventario de la tienda "Escuintla" a las 7:46:56 p. m..'),
	(4, 'Rodrigo agregó 10 unidades del producto "Componente LG" al inventario de la tienda "Chiquimula" a las 7:51:31 p. m..'),
	(5, 'Rodrigo actualizó la cantidad del producto "Componente LG" en el inventario de la tienda "Chiquimula" de 10 a 100 unidades a las 8:15:31 p. m.. La cantidad anterior era: 10.'),
	(6, 'Rodrigo actualizó la cantidad del producto "Componente LG" en el inventario de la tienda "Chiquimula" de 100 a 10 unidades a las 8:16:31 p. m.. La cantidad anterior era: 100.'),
	(7, 'Rodrigo actualizó la cantidad del producto "Componente LG" en el inventario de la tienda "Chiquimula" de 10 a 10000 unidades a las 8:26:07 p. m..'),
	(8, 'Rodrigo actualizó la cantidad del producto "Componente LG" en el inventario de la tienda "Chiquimula" de 10000 a 25 unidades a las 8:26:29 p. m..'),
	(9, 'Rodrigo actualizó la cantidad del producto "Componente LG" en el inventario de la tienda "Chiquimula" de 25 a 30 unidades a las 8:27:53 p. m.'),
	(10, 'Rodrigo actualizó la cantidad del producto "Tv Smart" en el inventario de la tienda "Chiquimula" de 15 a 2 unidades a las 9:53:21 p. m.'),
	(11, 'Rodrigo actualizó la cantidad del producto "Victus Gaming" en el inventario de la tienda "Quetzaltenango" de 100 a 1 unidades a las 10:29:32 p. m.'),
	(12, 'Rodrigo actualizó la cantidad del producto "Camara Sony" en el inventario de la tienda "Quetzaltenango" de 92 a 1 unidades a las 10:29:35 p. m.'),
	(13, 'Rodrigo actualizó la cantidad del producto "Telefono Xiaomi" en el inventario de la tienda "Quetzaltenango" de 95 a 1 unidades a las 10:29:38 p. m.'),
	(14, 'Rodrigo actualizó la cantidad del producto "Componente LG" en el inventario de la tienda "Quetzaltenango" de 98 a 1 unidades a las 10:29:42 p. m.'),
	(15, 'Rodrigo actualizó la cantidad del producto "Tv Smart" en el inventario de la tienda "Quetzaltenango" de 45 a 1 unidades a las 10:29:45 p. m.');

-- Volcando estructura para tabla webpf.productos
CREATE TABLE IF NOT EXISTS `productos` (
  `IdProducto` int NOT NULL AUTO_INCREMENT,
  `Nombre` varchar(100) NOT NULL,
  `Descripcion` varchar(200) NOT NULL,
  `Precio` decimal(8,2) NOT NULL,
  `NombreImagen` longtext CHARACTER SET utf8mb4 COLLATE utf8mb4_0900_ai_ci NOT NULL,
  `IdCategoria` int DEFAULT NULL,
  PRIMARY KEY (`IdProducto`),
  KEY `IX_Relationship2` (`IdCategoria`),
  CONSTRAINT `Relationship2` FOREIGN KEY (`IdCategoria`) REFERENCES `categorias` (`IdCategoria`) ON DELETE RESTRICT ON UPDATE RESTRICT
) ENGINE=InnoDB AUTO_INCREMENT=7 DEFAULT CHARSET=utf8mb4 COLLATE=utf8mb4_0900_ai_ci;

-- Volcando datos para la tabla webpf.productos: ~6 rows (aproximadamente)
INSERT INTO `productos` (`IdProducto`, `Nombre`, `Descripcion`, `Precio`, `NombreImagen`, `IdCategoria`) VALUES
	(1, 'Tv Smart', '144Hz 55 Pulgadas', 3657.00, '/9j/4AAQSkZJRgABAQAAAQABAAD/4gHYSUNDX1BST0ZJTEUAAQEAAAHIAAAAAAQwAABtbnRyUkdCIFhZWiAH4AABAAEAAAAAAABhY3NwAAAAAAAAAAAAAAAAAAAAAAAAAAAAAAAAAAAAAQAA9tYAAQAAAADTLQAAAAAAAAAAAAAAAAAAAAAAAAAAAAAAAAAAAAAAAAAAAAAAAAAAAAAAAAAAAAAAAAAAAAlkZXNjAAAA8AAAACRyWFlaAAABFAAAABRnWFlaAAABKAAAABRiWFlaAAABPAAAABR3dHB0AAABUAAAABRyVFJDAAABZAAAAChnVFJDAAABZAAAAChiVFJDAAABZAAAAChjcHJ0AAABjAAAADxtbHVjAAAAAAAAAAEAAAAMZW5VUwAAAAgAAAAcAHMAUgBHAEJYWVogAAAAAAAAb6IAADj1AAADkFhZWiAAAAAAAABimQAAt4UAABjaWFlaIAAAAAAAACSgAAAPhAAAts9YWVogAAAAAAAA9tYAAQAAAADTLXBhcmEAAAAAAAQAAAACZmYAAPKnAAANWQAAE9AAAApbAAAAAAAAAABtbHVjAAAAAAAAAAEAAAAMZW5VUwAAACAAAAAcAEcAbwBvAGcAbABlACAASQBuAGMALgAgADIAMAAxADb/2wBDAAMCAgICAgMCAgIDAwMDBAYEBAQEBAgGBgUGCQgKCgkICQkKDA8MCgsOCwkJDRENDg8QEBEQCgwSExIQEw8QEBD/2wBDAQMDAwQDBAgEBAgQCwkLEBAQEBAQEBAQEBAQEBAQEBAQEBAQEBAQEBAQEBAQEBAQEBAQEBAQEBAQEBAQEBAQEBD/wAARCACWAMgDASIAAhEBAxEB/8QAHQABAAEEAwEAAAAAAAAAAAAAAAcFBggJAgMEAf/EAE4QAAIBAgUCBAMDBwMRCQEAAAECAwQRAAUGEiEHMQgTIkEJFFEyYXEVI0KBkaG1FmKlFxgkJSYzNVJWZnJ1goOTorE2Q0VGU4aSlbK0/8QAHAEBAAEFAQEAAAAAAAAAAAAAAAUBAgMEBgcI/8QAOBEAAQMCAwQIBAUEAwAAAAAAAQACAwQRBSExBhJBYQcTMlFxgZGxIqHB0RQVQuHwFiRSciMzQ//aAAwDAQACEQMRAD8A2p4YYYImGGGCJhhhgiYYYYImGGGCJhhhgiYYYYImGGGCJhjprK2jy+mkrK+qhpqeFS8ksrhERR3JJ4A+/EaZz4pPDdkNNUVOZddtCD5YkSxQZ9TTzAjuBFG7OT9wUnC10Uo4Yxez/wCJP4Rsmopaqh6gV2dzRmwpaDJKwSv/AKJnjjj/AGuMR7WfFa6bZwRlvTDo1r7U2dvfZQTRQU+4fjA9Q/8AyYuDHHQKhcBqs48Ma5OpPxM+v2nsoGYUfhbn0egmWBqvU4rZ6dpGBIRbRU12IVjwx7HGRvgT8RWuPE30jzXX2v8ALcjocwotQS5THFk8EsUJhSkpZgxEssjbt07gndawHHcmro3N1QOB0WR2GGGLFVMMMMETDDDBEwwxQ9a6101080zWax1fmPyGUZf5fzNR5MkuzfIsa+mNWY3Z1HAPe54ucEVcwxjnV+OnpN81JT6f0xrfUMaC4qMtyhTG34eZIjftXFvP409dZnJMNMeHfMJYFB8qbMc9jo2PHBMbRfuDYzspppOywnyWJ08TcnOA81lbhjDX+uG8WmdR1Bo9N9OcgR7iEVnzU00YI4O6OR0Yj71A57Yt2TPfFhntHPBnviFiy5piR5eV5DTEID7LKFikX8e+NhuG1Lv0rEayAfqWdmKVqHVmltI0RzLVepMryWjXvUZhVx08Q/2nIH78YFVPR7VGfZZJleuuvnUrPI5j6ojnci05v7GKTzAf248uV+FforS0vy1dpyqzST/16rMJ1kP6omRf3YzNwec62CtNdFwWW2p/Fz4Z9IUy1WbdadMTI/YZZV/lF/1pSiRh+sYjLVnxLvC/pwRHKs11DqYy91yrKHjKfj82Yb/qvixMv6KdIctpEoqbprpuSNCCGqcuiqZLjteSUM5/WcXVQZdl+U0iUOV0MFHSRcRwU8YjjX6WUCwxnZgxPacsbq62jVSdQfEbzZ1p6rp34WOomfUFRbbU10TUQNxe6+VDUKR9+4YoOd+LvxvZtUw1eivDnpTKsum/7rN8zWrnQfVitTAR+Hl374vf5eKSTefxucc2kigJCEs1+CcbLMHh4klYXV7wL2CijONafEUz2uSvh6vaE07TT28yioMujkEAvzbzqSRmP+9Pbvi3My6QeIvPq757PfGVrx0qF/sunomqKWI3+0qLHVCNR/u7fdicyxkPrta/1tji8LW2wqcbjMLpmatWo6und2SsdG8EnS6ozIZtm2pdX5nO7B6gVdfCwqGvyWYQh+f9K/34uvLvCp0Dy2sirafp9DJLCBYT11VPGx/nRySlG/AriZVoTsLyW+7HAQbWJXgfeOcZ2U9O3ssHosDnznNzj6q3si6VdM8ozCPNMm6caYoK2IDZU02T08Uq/gyoCMX/AAxmQ75Dc25JOKZTtzy5v9LYqVOxkFgtji2QBvZFlsQi+uqxx+IGAvQ/LgLG+o6UD/gVGJQ+EYLeGzUIP+WdT/DsvxF3xBrf1DsrF7H+UlKPrb+x6nEp/CP48N+ol+mtKkf0dl+OdxLt+il6cWas3MMMMRa2UwwwwRMMMMETEL+MW48OmqiCQfMy3sbf+IU2JoxCnjLbb4b9WG1/Xlv8RpsXx9seKtf2SsfKTLAW3OwJ9+cVaCmSNeJAPrikJNUcFUsO30GOa1DD1O5Ix6a9r36lcBG6OLQK4IzCBw5OOfzMaMDuF/fFsflU7ghNiSbX7ni//QE/qJx9rMziy6BqqvZoY1Ba7ISxA4Nl7nuOwxgfDuDeebBb1PMamQRQNLnHIAC5J5AZq7IZlJ3NIpGPYCioJLEBhw3sfr+OI0p85zLU1LNUaYnCUsQ3vVq8RlCgn1LG5sACnO5TdXButr4jmkI03LPJTZ5VflNg0dTMs0gLkvu3v6rublibsbnk97DmqjHqCJ7ow4uLe4fX7r1XBujTGMRiLpi2J2Xwm5cL/wCVr7vzPeAsiqrMKSkVTPUwxCVxGnmSBdzG9lF+54PH3Y5+cAis5PrXcDbuPrjHo6xn+eSvqKuWrmRGjaSokLcEnhefSPUTa9vuxdmX9RRFTQx1WX+ZUxy+bDULMU8tD9qMgEgqWHawPI/XBT7ZR0zHPdASAeBGY787ein5+h6sjiBFQC7j8OXldwy5/JSq9Xb7Fjf9tscAskrAlSb9ziN6XqNVVzlYE/JhMn98jkZpGFzwN7EXO72X2HIx4F13q7JNT0NbllVLWQlhvgqFXaXUsQwVrhCtwbgX+zwSBjRrekmio4t+OFzieFwOeZzt6KMb0RYm91nztGROh4cO75hTDFAQ117j3tj2wwta57D3PY4uXItNaJgeHVlFTplT5nTxtV0rQoaZnIsWKLfawv3X3sQfU26q5poPK5d9VlmcCCBozIqG0q/UkNcEIBxc7j9+KUXSXg9Wd2pd1Ry1z9s/O1lx1Xs3NRutEd/ytn6kfNWHMbmwIt2x0kxjuRisZjojUtLvmpIEzGBADvon8xuSeNhAe/H+Lb7zigyR1EMnlVEMiMCQVZSCCOCDf3HvjuKKupa+MS0srXtPFpBUJLFLE4tkaQeYXrhES8gDHuSVVsykA4pao3tYfrx3qWUXBv8AfjK8XOqvjyGix4+IJNv6J5UBe38paX/+apxLPwkhbw56kF+2tKn+HZfiIPH5BUf1FMnleNljbU1Mocjjd8tVcfu/diYfhLLt8OupV+mtar+H0GOexK2/kpOC9s1mzhhhiLWwmGGGCJhhhgiYhHxpNs8Nern+j5b/ABGmxN2IM8bjhPDHrFmFxvyz+JU2LmHdcCqEXFlB80Ll7KpYHj7sR31V6lU3TmCGmFG9ZmdWnmxU9wESIMFLvyDY+oKB3IPIscX7q3XdHktQmndGxU+a59U3SDeL01MBy88p5BjjAYt7G1hc8jFHVls3ziT53OZ83r3l82rr5AP7JlI2+lRysaoAqLc8XsADtHcYXjVPiTyIgSwfq0B5jjbgDoT2bgEiRwno5rqgtqalthkQ06knQEfO3LOyp8usdUa71vTalzeoEceXqUo6SjZkjp1YWKoSSxdyTuY3JFhcKqKt7aS6fLkVI1TqWph03kckfnV1Y5j8+eO5AhiU3N23W+zyXFgwtjt0hp2eigirsry8yOH2xPItlMhHpN+5sQAAoJv3tj21XRvqZrmsafP85yqloY5QhJqHcC5BJRLDe1yL3I57ntfQrcfirag0kUjY4m2BccybHRo4nmb595C9Ww/ZZuy1N+IDQZjfdAsN0u1OVrZcB4AZleqs1t0E0nmEGb5DLm8/zStD5sFRVCe5YHzHWRkIHIAAVidp45OL9y7POkusMjlrNKx5dXyFW3TeYTMDcm7xSAOPUCAWUXFu45xZ8fhPyDM6WKDMtaVL1Ss8cLqghiN/qlmJPYWDX4tzfEWa86H6r6WZvJV5XWyTUzb13RE+YIiCCWt3BBIO09j25GMho8MxRnVw1Lus73aHkdP5wWi3EMVw6oDjGHRixIa4h3M889dVNeuaPJ9T5dDPldLl9DPSqWeKmXZwTcqQBcgkllB7er6nFoU1XRU0giDE2XbcDy9pFr9+b/ceOceDSmp8wqcp/trVIalYydyEsGUDcGNwCOCCL3uACTzzR9QVkyrJPE4EkJEhG65Ck27W4PK97ftxyM+Ah84w+pyZc7vdn7juXq+FVjJaHrIDvNGdjqLq+Ys4oY3RJEQc79znt9CBbgnvz/0xVcz6kaR03SR/lKtinZlK+XTkPKzWuQq3HAuL3IHa9rg4g3Umpq7K8uio45zJWVaXI3AhIuOSOxJPa/uD9MWpk+ndV6irR+Toajc7hWqJFO2NrhQTJ7faUfUXFhyMZ4OjLCquLrqqQsi459oA95vbxC47aPaV9PP+CoojJLyv8JPufQd6n3Tnjq11pnN0o850TlFdpsMkckDzymqWMKobZIzBCL3YKYgOQLixbGWuhdS9P+qunKXUOlJ2q8pMgmMT3+ayyVjazXJsm5GAZSQrKeSoOzCTQ/hiqc1rYv5Y10MSNI0b01IfWzD7J3kgBTY3AW9gP0jibtK+HXUHSnPJ9XdIteV2U1CeS82UVkYlpquFXZzFu7sGsq2PqUbzfnaIDbTYPZTGKX8LgzxDO0WHadG4jQOvcg9zx53XnTKbGKV5nqtHm9rgOHkLDy4LIGhzzPtIVtPldU8tVLHHHDJKJWeR1VF3OwJN2N+/fnt2vIAznIM7pYayvy+nroTHZWmh9ce7aW7i6H7N+Bawva2Iby+rl1LqGLMhTeRNQRrBXUITfJRCR7eynzFJjZlKEqdhuAQLW9qfVeq9MZ/HFldZCfmgD8vMAEJI4DFbEeok3uO30uMfO9PHj+yWI/lxJY4guBJyyPAi4N8u7xCm3YPDjNmttv2z4eSnWLTfT2plaqijJjUjzE8+QKpbkcbr9iLc2IIOOmfp7puF1levq1i5LR70BNzxZiOBa4t3+/6wtL1jy6moFnr6Gemq4CyPGYWeKVAq7tjKOV2hWbarAXb0k9q9mfXnRUFFQ1JzfJ1y+vmWKCB3YO0vfaAQQLLYkNYksO1xfpHbabaUxLY45HF2Qs1zrnl2hoOBHnnaFqNkRGQS3Ly4c1FXxLfyVD0ByGjyVYxTLq+lAszMeKOs9z3H6zi8vhPqE8PWplH+WtT/AA7L8Q349+pmltY9G8nyTJ02VUOp6eo9MZSN41pqyNmQ9mAbaLi4uCLkg4mr4VC7PD9qUf551H8OoMen7D1NfWYQZsTDhKXuvvBwNsrZOzXLYtSGiquqLbZBZnYYYY6xRyYYYYImGGGCJiBfHQxTws61Yexyz+JU2J6xAHjzbZ4UdcP9PyYf6SpcVAubLJF/2N8QtfGcatkFLPl+VvL5sgLVdQX9cieyH+bcdibX7AHFHyqGzpKkZeV2/NoBe59zz+vk8cdha+KP55RB5rWRTexJtc8AgY7JdW/ISJHS0txO3lvLuDMAR+iPp+NiLXv746B2F1QpxRUQyOrr68Mz3choMl9dTVGE4TvVtU8bzcgBc7t+Qzue8j0Un0+r4copGo45WqqkH1DcXAbgABV9Vvb8QLn6c1z3V+ow6pLUxRKqsDVMUREv+gpNr9/Sv1N8R3R9QK6lEVPVxQrDEFZYA6okgNg4CgG3IHe4J29jY4oWdasz6soXo6aaaGBQI1p4SQyji/5wm6j09vsi5XkEnGDDtjRrNr33y+X85rn8U2qoqC8jGb7s7C2fzAt9uBU55Br3KdLmoyXPNdZSq1MJkTzpVKxOA1mZGcFCTazWPA2sLHHPMeo+e0pOXZtRx1NAl1j2k70BA5UjuQAPwG78BjN+RI4JI1FRLTxzIDYQElR9Da4BF7cfdz7i49GZu+WTLR/N1MVKrktG6bo1NzchbjaTyeGAubkcWxLVuyUYiDqV/wATRpa1/AjQjzXI4btT1tY78xpgGvN7hwJbkM7G2o10PcFf+aRZXWyCoydzCZDaMKQdjE3It2A3fdb7h2x0VEX5Ty2Gap8mfzIy0EsbbhMLWPqHpa/JBBuD3PIxZOpqjP5Kt6zK1hWjIAEFPHvRwebSKwuTZQdwFhcW5PqljpD1J03UZBNpTU+RUU7xgmMPEPsmxupubMDfnuLnk3YjTqaPEKLDxNM8SWt4tHM+9lN0+MUUuImGkicwjLPIP77D72ura0xkYrq181zalSaplYhIpRdKWMGwAHAv3+nJv3NxJ+WQUtBNBT0qJHDT+UzIHJUbT9n8B37/AKPfm2Oio05p+aUZjkExo5HZStPJLvjfvZeTvubXJuezduLWfPrKDIqySnzCoYeXK0Mn5iUqODdrhbgfeeOQRcc44rE6rEcWm3YWOc22QF7crDkpttLSQwkh4ZbXesCSdbk9/ishclz7LqaBYViiB9dto27ldrsh47Di3bvfj3uSg19BE708zkBeEZb8A/Udr35t937MeU1xl+X0n5SzLNliiZDIgVwWmt2235a9x2HHuQOcUV+tmnswAp6CqqaZ2LeuREKt2/SVmNvbgcc3xzVPQ41UtdLTxOIbqQPX91DVWF0XXCKZ4BdpcrIXO2yvNq1M6yTMZKKuppPM3x3+1a7FWAt6rXZDdHIIYD1lrNznWOZZxVLNn2kZah4p2h+eoZSJoZBtVWkp3BLrf1syWYFwFRje0QSdV5sjUGGGjkmaRZRKGBc2AtZ7328E2vbntxjhkvXmCsaZ67SGYmVNoglooPmfOYGykwkKO5HY3N+b98STcIxfF4mvqKQTRN/yG6Rf/F1wffmtOto6DBZAx9QGycN03NuYAOR5+SmqvyqvrcjgrcjqxU1kUYlqMtd0V6ZyLshXcC442kCzXPbnEdZ7TVqxMtdlEuVzVNpLS05gV2F+QpAHv9MWcnVTWuZ1L+U9Bls8BWTZPL8wShO6zU0ZBiGxLjlL24v3xSc56odVA1TRU+p83pacztVKtDWGhijYMNm0xWfaV7b5mvxybc7uGbGYox+7G5sLSb9q5AvyuDn3lWOx2npI97cM1uO6W+uV/PdXn69eWvT/AC+CB4/KOcKVjRAqoywSBmAHuRs3H32rcmwxm38LKPyugmpkvf8AuxmN/wAcsy/GtTUZnzDLhmlXEq1NVVAzPtN5HAfcxd3dpCeCSD3Nz3XGzP4YCeX0K1Gv+dr3/wDq8ux0E2GPwkfh5JjK7UuItrw1OnivI9q6/wDMcS68R9WC0WF75d+g9lmDhhhjWXOphhhgiYYYYImMfPH2SvhL12Rftlnb/WVLjIPGPPxALf1o+vL/AEyz+JUuKtIBBKvj7Y8QtYxjW/mSB1YfaLnmwPH3X45PvcY81ckw8zyyqzIwuLgtGbAjcLG3BHfmx9rjEpUfTdMvT5yXOKVqgRbiwF41O79HjnsOTa3bi5t8qOnmQ1csUMmsqdWAQNElEyA8kXLO4JYkm27v/NPAk27f4GyXffNkBpZx+i+kaullkg6iAWuczx8eSiCkyrzJkmK+YyElWPqJP1I+vPf8MXhk+h83zQiV4Wpor/3yVgh9vVbv7k8Dm3Fz3v2DTmlsiKTnOhs7ApAI3Zu1g25rm5+g/ba3fPmumqbzW/KbqkJAkEtTHZOGKlgACwG17duVbjEFjfSs1wLMMYTzIPtkseGbNUlO3/kOZ9/NUij6aaKQQx5jmmazOJCkrrUJBHKCdwAi2lgFFzcud203VQCD81d0jo0hat0/VbZFPCsApUAfpWAB7d+OfrfmvtrTTFPNLDTVdHHNEXldWm8w2VvtMpv2KdyO4PvgNbKgE1PKsccsaiIwAKjruuCAAFt6gAeSQtuBcHkaXpBxiOUTSue63CwA9ApKTAaV43Iohnrnmed8z9lFFHpXWu9zQZVmTKCYgyUzyJv9lBCkAkgm1uLfUY7qDpl1DzGuFblmnquCTdaJ3qI4/mDceoK+0AAm3Nr2PuOJMm1purUrfM3NLEI3uhLr2YqxBPp3heLew7cEUuu6k5k04lgmMFkFqqK3mhrqxHmfbC3XuO97E8m09J0pYlLfqqVgGnxXN/EC3zUPLsfISCZHCxuM9PA2ytysqFlOWdXXnjgzmkyrKKWVXCTVFZ5Y8y3puUMgu1hZdt7lW4HOK3nmgcwz/wDM6h1BkBzGnCoXhnlZgHvtDxiMEg7WsDzdT9Gx4xn+bVbPCcxdadyCyvKsgcKLBQwBYSWLLuN7FLcXLYptbU1stVBStldPRMuyOrqXkeQzS83fayi6qrlSvAPHPLERD9sMSdYxNjiLcxuAi3fa7jlyWyzDKiIGOWR0rXZfGAdMxnYHwuSq7nfRqCTLvmKvVaO6QvT09PR0wbYsacXMjqBusW28nk9uw66HozoGgmqaUZrJJSooY1LQBN7PZk2brtHflVNlueSMUlsxr6ak2RTrGURSTHtj22AaS7EliAWbi/AJ7c48gp8yqYJ6jzas0jJeZCyA062NmPq9Wxjdb7gNzcEn06/9Y481giZU7rR3NaPoqS7NRTvNRPGHO4afwK6k0H0xE8NTQ1NdM0J8ozS1SvGwDneQCibTsBJPILOvcrtNerKDR1HR+WtIyU7PH5kEdRUUyrJZmUboWjDXKMpO838uw4sxjGShrViUMHVaRBTqshKqD5e0rtNz2svfsikDuW5CqmaChnpIaeSOnT0rEzvGVJPpUWP1UAA249ze8bUY1i9YQZat5P8Atb2W5T7PRwg7kbRfXn9Vfivo5K6Z/wCT1LEtOhi2meWZJlcF2sjyMo5Nt3u5YkBjY81zbSkEG0aWyeVdrxPEaSIDd5aA+rZa43XIPHqBIBFzHEVTmM0zV9VJTxoLBg0O0PY8GxawHD/U3YccnHRVany3IvN/KefIZZ3XiJ0KbS9gGSIMTzYBifp9caTzXVBu6okcf93H6qUbhtJTxgSNDQPAD3Xd1ircpqdHUOV5dQ0MIpcyjkHy9NDFsvDKpW0aJbtft9B7C2d/wzYxH0R1Kov/ANrX/heXY1u6t1XlOoYFy/J3qpI6eZJZJTvEPCFQoDWINj2KjsbEjGyn4bCBOi+pAD/5rb+F5fjvdnIXwYduyXvvE56rwLpBMBxr+3ILQxumnFZZ4YYYmlxSYYYYImGGGCJjHf4gpA8ImvSzBQBllzbt/bOlxkRjHb4gt/60PX1gCbZZ3Nh/hOlxQ6K5naHitcOba5R4auaqpKujjpiZYphG1iLupbbJ3UlCCzbe6jdcm1ofygzzNkgrZLxrLI6zwTKZkYLLtVHJG0up3ksWBdQm1W5ZfkVXnFdN5+bZ9Erxw06zztJGiht8KxhW3WBcKjeaC32ywUi9qbO+X0tZ5bUMTfNPIawNDd2bc4nndiN+5ZNzbQWCjaCG8s7fPoKWKMXtmvoWrxKWb4WkhvlfXl3aaeK7cjq563MmqhXmrkjphNuqYwYwEmBMw2DaqCwXfs+iqTtF/lJTahqKYw1uWw1LTRSU1SqqJBEzOyq4VVKh22qoG8sShvcCx7L/AC3nrUVPlSTENJHCHZJdy+t2aOyspsRt2r9pebbQtMzGRvnI8t8ijvWtNVqiiVZph5bMCqhLNdm/x/MO5fdrJtNF+CjHyFhBuvopZaaeMZVmUlXFSyvVx7xOWWO0ZeR3DqNyKz87ApKg3ChQO6TNm/LMeVwSo1e7yQ09WqkPTow3Ibs35xxcoojQlgzXD2APh+VqhSF81Z6mSF4JKMCqaWSznesbRqRuvEtyxUsFDkjb6hXzmLV09NludZfNXIlQ1PPF5axSxxvJDtlYubsg2vICTYelPUgJa4FpsHLC5z484sj5308z/Ml7a7PNWZWsdFLmMTmTyp4UXL1Mzwfm1kO66jhy47H7BF2DXUuu6+mgYvHPACrQqUpw6Hbu3uGRSLBka44JHP1xTqKizKfNctooa2R+VlkkFLUqYjITKt4yt3sWEdixRLhuGZ5GokFBmcA+UjqloKlYYptsFNwJwBGxkMSSBSQHIY2YpEpF3IZgpYXjNo8grXYtWtO71jvMk+6uqHW89QkVY2aWjDM++yMQUa5FxfvYm6k3IN72IHZJruSVZf7bRyKiiN7yrbYBYqAAOSDYer9Hjgc2TJGYjLUzzAvUM6xTCJmT5cOzqvKsyqXUNtcso2bT3uPDMaiWWNII2iggJVWSoaS4FrMFHABNrKOSSWJ5BNpoobZKn57WNOoKkCp180Hyw2rvYpK29ka0n6QsTYXbi9u3PFsfJupLLMKaogVkCoNkatvAYk/o2A725472PN8R6KqgQrRCsNTIQDI24xspUAhr2HcFhfud62+uPHTQ1KxhKcBSt99pBuAA27bgWIub/f8AU2xYKGHiFL0+P1UrQWqSh1FzimWWnMLhgAAXjuRxzZWJsAW4JHfkfzaBnfUDORUz7KqWOHeygIFXcTZSBtPqNyvBHvx9MUOSBal6ieCYkFWsU4ZmK+neOQSRY2ABG4WItcdCismo1RoI5JGJ3SqVZDCQBwDbgOEBIbj8TuGWOlgYeyFdVY3VubZriF31mfVVdUQtNUTOsyp9hWVTESQCznsVUr2v+l2HenNVVNPXRh445I3lSJY41LOzbSCoU8qCALqpPuLAMMclpkeskqc0idoWZTJGhuXBPpVX3Ntcg2HosvmXtbdjhDRNSQy/IxVSESl0JX+8hSNw8xDciwI9LWJIs3IvvsaxoyyXL1FXUSuu8knn+69mR08hqlqY2aSKWmZ90kpZ+GTbZWtYWJuVFr2B2kWO2f4bgI6L6jJ99VMf6My/GqPK6enpqyodJ0lqnFplLOzxqqptVjba1xZrgk8kE8WG174cAt0Y1Dzf+6YH+icux0NGf7fzXnOOkurSSeAWV2GGGMyiUwwwwRMMMMETEQeLLS2kNc9BtR6O1x1HyvQmU5q1EsueZlsMFMY6yGVQQ8kYJYxhB6xy1+bWMv4tjqH0y0D1Z0//ACV6j6VodQZR5yVPydYhaPzVBCvYEci5t+OHii1T6i6BacGZyT6Z8dHQ7No5JTM9Vm2p4aSdnJNyVAntcEqbP9navKqoEG9Xsvoumme5bHmnULp5q+aWV6uOt05nS5vA7oEX86Ij6DZUAV1UkBu/qxtprfh7eDavBE/QvKVvz+ZrKyH/APEwxR5Phl+CGVtz9E+fu1Jm4A/UKrGE0lK43LB6W9lIsxjEYxYTO8yT73WpHKtdUVRSU2X5faorTGtJFecDeCVsqxlNx7EBbn7XvYYrmZz55p6mOX6n0fmFDLMYmEdakkRUWa/l70BAsQLX9Q5P2Rfaqnw0vBRGLJ0YI/8Acmbn/rVY7dLfDv8ADLoTW+SdQdDadznI82yCujr6Q0+dVMkZdDfa4lZyyEXDC4uCR2OMD8Lo3aNI8z91vR7UYrH/AOgPiB9lqoy3O9KUlDWfJtNRNNJAsMM0bTMqJYGwB2oT23XdivuLlT6qHMskqyplrKSpWWIxTyVs6xSOoAuHG1D6rMSyuSAoCkEgY3aah6NdIdW1xzPVfSzSGdVh71GYZJTVMp/2pEJ/fiO9ReB3wp6orPn8x6N5VBL9Muqamgj/AOHTSxp+7Gm/A6d2bXOHofopOHbatjFpI2O9R9bfJaozS07UE9PlE8LQvMaiL5SYSpArbVdIyq3ChEsFFiAosLX20zMaWCGihrM1qppJKQ01PLVBhIXXzb25B2q329xUkAm/mKwvs6qfht+HiPNZs008+oMkE8D07UsclHXwKrEElVzCnqCri3Dg7hc2IucRhn3wnshfNhmOi+uOb5RGrmRFq8mjqZUY+4eKWBR37BAPYYwnAi3NsvqP3W6NtYpBaSnt4O+hH1Wv3KqKSOunrKerdI/Nao/PM8jyMXDX4XcxUob/AKI2kBi4vjrpcvp/kRXtSLCVI/NRzqCG3LsCA237QPs7r83JPKnMbO/hY9a8vzKV9JdU9KZnBKWZqnMxU0s5JFr7VjnHb+f7D9ViZv8AD98XmmszdMq0xl+exO6s0+XZ7TxwMFbcq7ah4XChrEAKBxbtxg7CZ/0uB9VjZtNQu7THD0IWO9RRxhpqaHJzLNHHvfatrNtU3DXKAAkXAsbgX5vhT5fVoissLJ5SlmjBDyBHBJ734H3Hj69jiT8/8NXiR03mElHmvQTUUk5DlZMtyqStSNywO5JKfzI1PpA9NrgD6YsTP8n1NpqsTLdX6bzfJq9AyOtbSGlnKG3BR0HPHf8AdjWOGVg/TfwI+6n8P2owqM7pfujm0/b6qilljKPTUrRmMtHA/YxHYyk2Iv3NiR7MObEX+mGSolSpqnqHli3FvMQBblRyrLclt1rnkEMR6u2KouZwJSCE+ZMQnIaJeW9JJ7/zfv52m/Bx0Tw006pSCVZYC4LefEu0htpKkAE8MoBIsP8ASGMJpalnajPoVPjFMJnF452G/C4CoNRDlS+Wk9esPntyUdTITtZVHJJvYKDa11JBue3bDmghnqXFXLSLCDNTsa0JNKtioCMt/cjcfXwHXf6gDcE1BFXQzw5jNRzQykIZWRV3FmB33Wx4IN15A9rXOOp03qEFHSVkLw+WkAAVYEVxdNxawHlqSdqi+5yQ3c4y4sycD5rXmphO0OiAtysfb9lT9PxRQ5RTgM0pQGASiPbGSliQCrbWI335XcoYD03s21b4cgC9F88AFr6hibj78ny041eNl8cKpVEINrNAFCKtmB5ZfTdQ20cBtpsDbkE7RPhym/RfOu/+Hafv/qXLMdNhjt+k3uZXl21EJgxEsIt8IWVeGGGNxc+mGGGCJhhhgiYYYYImGGGCJhhhgiYYYYImGGGCJhhhgiY+EA8HH3DBFaOfdIek+qq05jqjpjpPOKs956/Jqaok/wDk6E4jbWngg8NGtKetDdOKbJK2qgkhircmmko2pXYWEscSt5BdTZgHjZbjlWFwZ3wxW5CWWtTxI+Aal6N9Hcx1f02n1brjPqbMoztdacCky5lAeWaGNA02xl5aLbYSbmUKjMMQOl2S6k1t1J0x08z+gXJIdUZpSZbHmKSCbalU8YinFPdWZHWWN1uVDK1wbY3rap0/Tar03mumKyqqKanzeimoZpacqJUSVCjFCwIDWY2JB59sRD008GfQnpnnNFqal02+eZ3llNRUtFmGcyCd6ZaSCCKFo4wFhWQfLo4kCbwxbawBCjIH5WcrbEG7ViZnvwwOqtNWsumdf6TzGmPHn14qKOU8/wCIkcw/58ZbeEfovq/ob07zHSutKrLKitq81SsRqCZ5IxGlDSU3JdENy1MzdvssvY3Am/DGMGw3Qr3Oc87zjc80wwwxRUTDDDBEwwwwRMMMMETDDDBEwwwwRMMMMETDDDBEwwwwRMMMMETDDDBEwwwwRMMMMETDDDBEwwwwRf/Z', 1),
	(2, 'Componente LG', 'Potencia 300W', 1299.50, '/9j/4AAQSkZJRgABAQAAAQABAAD/4gHYSUNDX1BST0ZJTEUAAQEAAAHIAAAAAAQwAABtbnRyUkdCIFhZWiAH4AABAAEAAAAAAABhY3NwAAAAAAAAAAAAAAAAAAAAAAAAAAAAAAAAAAAAAQAA9tYAAQAAAADTLQAAAAAAAAAAAAAAAAAAAAAAAAAAAAAAAAAAAAAAAAAAAAAAAAAAAAAAAAAAAAAAAAAAAAlkZXNjAAAA8AAAACRyWFlaAAABFAAAABRnWFlaAAABKAAAABRiWFlaAAABPAAAABR3dHB0AAABUAAAABRyVFJDAAABZAAAAChnVFJDAAABZAAAAChiVFJDAAABZAAAAChjcHJ0AAABjAAAADxtbHVjAAAAAAAAAAEAAAAMZW5VUwAAAAgAAAAcAHMAUgBHAEJYWVogAAAAAAAAb6IAADj1AAADkFhZWiAAAAAAAABimQAAt4UAABjaWFlaIAAAAAAAACSgAAAPhAAAts9YWVogAAAAAAAA9tYAAQAAAADTLXBhcmEAAAAAAAQAAAACZmYAAPKnAAANWQAAE9AAAApbAAAAAAAAAABtbHVjAAAAAAAAAAEAAAAMZW5VUwAAACAAAAAcAEcAbwBvAGcAbABlACAASQBuAGMALgAgADIAMAAxADb/2wBDAAMCAgICAgMCAgIDAwMDBAYEBAQEBAgGBgUGCQgKCgkICQkKDA8MCgsOCwkJDRENDg8QEBEQCgwSExIQEw8QEBD/2wBDAQMDAwQDBAgEBAgQCwkLEBAQEBAQEBAQEBAQEBAQEBAQEBAQEBAQEBAQEBAQEBAQEBAQEBAQEBAQEBAQEBAQEBD/wAARCACEAMgDASIAAhEBAxEB/8QAHgABAAICAwEBAQAAAAAAAAAAAAcIBQYDBAkBCgL/xABGEAABAwMDAgQDBQUDCAsAAAABAgMEAAURBgcSITEIEyJBFFFhCRUycZEjQlOBoRYkMxdScoKSscHwJTRDYpOUo7LR0uH/xAAbAQEBAAIDAQAAAAAAAAAAAAAAAQIDBAUGB//EACwRAAIBAwMDBAEDBQAAAAAAAAABAgMEERIhMQVBUWGBkaEGEyIyQnFyweH/2gAMAwEAAhEDEQA/APVOlKUApSlAKUpQClKUApSlAKUpQClKUApSlAKUpQClKUApSlAKUpQClKUApSlAKUpQCla5q/cfb/b9uO9rrW1j0+iW6WY6rlPajB1ziVcU8yMniCcD2FRtrHxn+GXQTbj+p92LVHZbcS0HmkuPtuqKErHlqbSoODirunIBCh3SQAJspVYY/wBpT4OJjc12BujKlt22OZUtUbT1ydDDIUlHNZSwcJ5LQnPzUB7iu9pD7RXwZ61kmLa987NCWPe8NP2xH+1KQ2P60BZClRtpjxKeHrWt3bsGj98NC3q5PZ8uJAv8V95eO+EIWSakNmXFkjMeS06P+4sK/wB1Ac1KUoBSlKAUpSgFKUoBSlKAUpSgFKUoBSlKAUpSgFKUoDxy8b8ti6eMXXSWZ7LrXnW+OFrWODJRboyHBn24qDmf557VHeh7hCuukW7dqKy+S7bFSXXBNigoU65MffBAcBQshL6QpJBGOigUqIOT0RCY3G3VOotVsJlSdQXZ+73RGOLbrrilPOkhJT0J5fvJ6dOQGeOC3vmbfaYtyrbcWEynFoxFt68PLB5tqKxy9TQPktpUoFKlJHH2wkFuQ9udG0Wq6zIei7J/ZWXJRHjSre1NU9b3ilI/aNrcUXGuakpWULWsBS1epASEiMFaVv7bQeftMhtDi1NtKcSUhxaCApCM/iUCoZA6j5VlntTusEN2u2RYSEK5JUtHmuE4AzyXn5e1cTOttStLUtN1XlWOX7NHX+lY6kbFTZ1rJZJybr8NOAt/lrU04qUFICFZCSCAM5HIEjB7VYzbnSmudB6A/t/tnunqkSLR5cuSzCnPwIICSsusthCwqR0KDkhsBSVJAXnIgtnVbF2fbVquALhxwFSW1+XICeSSTy6hR4p4jkCAD0qyuy15tyLDHhak3GvkzScgNNKs9mtMNKl+r9rHdccUlbKiM8F+rnnOeQ4mppmMouPJLey32j/iM0cJLGq37VrC0Qpq4kaDcUFme4y2HGm225CCVqdLgbBKmnSepUpIyqvVjb7WsLcDb3TO4cWOuFF1NZ4V4aZfUObSJLCHUoUR0yAsA49xXmnubsD4Sbrou2NtXDUWib1d4k2dGfnuJcbeU864tL75wWwOSV8EBTZIIB6kGoIZ8Ve4Wqd47DsTcdaTWtIaaaj7f2Fi0hKY76mX2IzUx9BUUuKcDA6nkEBw8R1UTTE9unrxaY7bjz9ziNoaTzWpTyQEp+Z69BRu8Wl4AtXSIsHBHF9Jznt714D+IqFqPSu6seO05cnWvPiNyVNlPGQ02+HeKksoQkp5pQQCD1bSfYY1pveTUdzs0PTf9n9N2pMC2x7Wh632tESVyjuJIkLcRha31cAlS1E9CoADNC4P0UAgjIORX2vKXwyXbfebIjXe17yajnqRG5NJmXR6QhIUB08l1S2zjp1KentUi33xo+IjZCdHi6ti2zVVtZkOeeqcyliW+CCUoS6zhCADjB8pRwMHvmsnBo31bStR/nE9FaVA3hW8W2kfE9aLgLfaH7Hf7Khk3G2vvIcHrB/aMrGC40FAp5KSk5xlIyKnmsTjilKUApSlAKUpQClKUApSlAK1/cLU7WidA6l1m/8A4Vgs8y6L/wBFhlbh/wDbWwVEnixvy9OeHXXNwR3ftwt5/KU6iOf6OmgPHG261VoCLM1RHcU2qFGWhtXUqSXUlvI6g8sKOD19XHPIVoG6e2Wt7DJj3m+tPT5dzbSqVwQ4pcB3ikqiu8gCFoC0D3HcAkg4zPiDTLd09brcyn0vK+KLgJBRxUUcfqDnP+qKyewDe5e9uorboFzcCPbnZcn7vcuEpxfmOJEd55alqCgVEMtupGRlSlAE+smpJpLLM4RlJpR5ZomnNnbjekrkJhfEhpwtOvOr4MMqIzxUevJQGMhOSCoZrJytlXkwyEtWf4gn8KQ5wx/p9/6VI2oNh9faUTcLbD3IYeiW55SG2RIeS3yKv3UJJABJJ6fWtWa0ruaw2Er1DbyVEHl5zpIAz3yj6/0rzs6t9ezcrKtFRT40v7b/ANH0ClbdF6HShS6zZ1JVJrOVUj8qKey8Ze+/tF+otr7zZf2zcJbSSrg2rlzZdV1wEr9iQDhKsGu5tbqO86U1Em5RLeuYwwlRuMQJJS5HAJcJA7FKQTn2459qlpekd5LpaHYsK9QpkK5K+CeilDIC1HtguIBB/CQoYIIBBGM1jNdan1Z4e1XnQd60LCj3yS2qJLKnW3EOfERApXNbSipwmNN4lGUpwvr6hXZdPuJ1ouNaUXNc6c/aaWDz3Xun0rOqqtpTnGjPda9P04tpr1J63P1zatcaK0VfLM4vy0aeaYdSkvYS4l94LAUkkEZ6ggcVAhWElRAoFdb1Nh6zl322uKiy2bm5LZcQolTbgdK0qBPfBx3+VWm8O1xs932sVaNQ2QTRBktuLfS+pqTxytPlIWMpSng233STmqsa5ZiRtb6gjQGltRWrrLQy2tzmpDYdUEgqwORAx1wM/IV2LeTzyW56DnxFbgbf68Y0ZomXYXIyFEtXC4Q3lthhLi1JdUltRVxUt1ltISCSVnAJFdzXU7QO7uopTGrdtdK/2rDrb679ZoxYjT0O/tS4Y7iDzWQ4SSpQWSclSsYqpWpNLX+ZpvTV1t6ZrDse0xWw80VZWAyCUZSfw80owfmon2qSLTfdcbaaEja0v9vnXMtMIhRJDkPhHhoUcgrUAnzElRQRkg8vSSkZUINi0lm8PLtv8i+aUescJCoamHGGZ8i0Tmk5z8Uw5GQS4QD+HJT1HLOBXBrXw/a41xCefMu7S7ellS2pDUli5siT53RCUIdU+gBolKi6v8YyBjpUDz9XaU05tfpi+7naQkbk6+1klUqyW6ZKcUiOwtwpb/Zj0tcjIR+BCA4W2SEkcirZ9rN2PF5CiRb3bNmtK2uyLlspXa2GWLM89xdUkrS3yStxCkIU2VEKSFjOcjjVGWlhGsaK1lvF4SNeXvWW3NkiTbu3bXra+xcIri2jGccQ4FcQUFSsx0ZAPTmO/vMFg+1Y3ln2V2cuLpmXPiQnpkmKLE8w2C1HW4ptLnxSicqSEhXHsScdMHrbs7xRWtBWfW8/SYkTmbhGias01LBU/GLiXB6SBlTK3Eo4uAeoHHQqSqq0aT1JoDR29imbhp+He9P62gGVFfS8tS7a6ovIV5ZC+DqFKbWlQVnopJCspIWIW20t9sledP3WBZN09oo9yadixpci46emcXOL0dDoSmM76QU88HLvtVu9ivH54ad/X4tn05rZFn1DJQk/ct6R8JJ8whRLaCr0PKAQSfLUoAYz3rzM3C8F/wB+2m06k23Sw3FucoR3ILUgl9rgE/xVAAlsK45UU5B/CMmulYvDz4cWdtLhcZWprkrX1mKxMttzkoZC0qIKVoYRlQCQpJ5eYR6gexFAe5lKhHwfbs2Hc/YnSCY2oWp97s9mjQLs05NEiUl1jLHnPEkqJdLJcCldSF5yc1N1AKUpQClKUApSlAKgPxy3OLA8NmpI8kgKnyIEdoE91iW07/uaUf5VPlVG+05vca0eHu1xXmEreu2qYkOMsn/CcEWU8VD/AFGVp6/53zxQHmBurNs0Fiz3S/wpM62NS2GJrMZwIWIilkukKIPAnoEqwequxxisrp647U693BiaN0hKj2Czs3BLL13ixgotsFCgC2hRSpzCkpBWpQJJwMjBOS0xttbNZ7aasutwQ+pdvkwWx6ypJQ4HypJQcAnLSFdDy9BASQVFMG3/AExP23vjF/tDK2oh4okoZWVIQc5CgfcEgEfyrCopODUXhm63lCFWMqqzFNZXldyxm9Gw1i23uHk6a3nu9+S+4S7IcilptJI5Apw6rHcioem6I1RNkKXC1s4rBxhT7o6YwMAVMei90NLa30y3p3VSYyVvJSlDqThKlEgJ4q9lEnHE/I+wrhlaCtEZ7zYV+jhokpJKxk9c9s968sutzsZSpXkGnnbCX/Pk+nS/DKPWqdO56RWi4YSepvOfO2cPzF4x25OLZHw97769uCmNEa/isyLeUyWhJ5KSVn3ypBGcJ9/lUdbtad1Bqq436VulqyE5qaxmU5cnA80HPPjteWhCsYS4lSWG20qb7KASQSama1eJ5Ow2nbxbdIvMv3WShaETCAUsLwUqJI7qTjoke5Hsc1Uq3acvm5F4m6iub0kR1r5vlS8rcQVg8So/iWtXYYypRrtel1KlxB16kMZz2w/Tfv8A3PL/AJRQt7CrGyt6rmoJf1NrPfbLSy+y47k57JQo8HQ0uS0FpMvy3MKGAQSspUPnlJT/AMmqr63Vy1rf1A9DdJR/9VVWs1fp/V20yxY1X2K4HYESeqGhnkzG86M06EJwckpSpKTj0lSTjoc1UG5zl3O6S7ktOFS33H1D5FSif+Ndtg8rnLLeWGC/uFoS2w2dTrsn3XAixhltLiXz8M2evIgjB6DH1+fSMN97VqLRaLBt7etSMXJyC38ch6G8r4dxiVFiSWRxwB5iPiHW1DqQQrqRg1j42pYL9gh2yfaropcdltQDYb4KIbwlRBznAJx+fXOBjUtZrgi12b4ZNyQqM0tv+9qyAFHkAj5DqDj6muDb0LmnWnOrV1RfEcJaffudzf3vTq9nRo21toqRX756m9b/AMXsvZkw+LWc9pnxJX7Q1skrjWjQ9shWG2pU6tZXCjtIeYS4So8gla0qSOicNt9MjlVm9pNaWyx6ZssdwuSillqOy4MrLx6BHLqTkq6569T1+dVB3khXjXmktJb4WyK/NjR7FGsupSQXFxJsYpZDr7nBORIDjTiSSojmUZwkASV4Vd6tHRIydNa+niKYDDghSXEehZS2otAqAwhSeIHXvxHcmuedITs/Nh3nX0PUV7tEdq33Z5y2XGNcI4cT8K8oBSOKgUlQKUFORgKSk5H4hTHcjTMPTG7Nsn2d1DEZx8tFqZwjfDuRnCwpK8HiM8EqJz3Ur2GTbcbh2Dc696a250aYl5Eu6MyJ1wYk+i2QWloW448pIPFKvShPLA9Suo41Xbxj6pGqr3Y7s5pKLYJ7QlQ5ojMpaEt9pLCVPqSAMLUfxE5KlZVk5rCUmmklnP0bqcIyjKUpYaWy87pY+N/YtBvTrm3WPYKxWlVzeslxl6ghQl3OI51VDWy+VJUUnkkgpTkjuBg9Car14g4qdRaOtdk2it4Ro3TTKn5ojHzC9JcU2fOkLznJS9H4lXpJcAB6JSnJ+LW5yhtvpWKADDXdw88cdnEsrCBn8lOV39t7kbX8Hq7Rl6hqcuWnYFquthmN/ExLw2YTTTiFMchhSVMBQWkhQ8sfUHXcV428Nck8eiz9c/BvsLKd/V/RptKWNtTwn6Ze3G+7XHnCIK8PG/WtvDtudaNw9Iz3kCFIQJ8JLhS3OilQ81hY6ghSRjt0IBHUAj9Eu3+uLDuXoix6/wBMSQ/atQQGZ8VeQSEOJCuKsdlJJKSPYgivz2bn3XbO+aiuLrW09z0bKecLTItsxcmGVoWUrXweSFjJSTgKPevWP7KXW7GofDhK0g3eVzhpG9PQ46HGfLWxFdbQ6lKh9XVSCPoRW2Dyso4tSLhJxlyi6FKUrIwFKUoBSlKAVS77U64xEbMaUs7mPiZGqW5bXzCWokhCyP8Ax0jPTv8AWro1RP7URaEsbal/Hkpcu6yVDoFgRMYJ6csFWB7jOKAp1oOXHg7Vag/vXB6Tc4iSgKAylCHT19+56DIHQ9CQFIhnVtwuEZMhDXlyYalBa2XP3UgkkJPbB6nB/kR1B1DeDXj1r1JK0xp+Qjy7YsxnHmHD5ZWM80px0UOX73vxHt3j2DqO4ypTMebPc4LdQVKW4viTn98A9U+xAx0oXBuTF1gxpKpNrlqguuEgtElIKykYJB6EA57d8nrXcVeLqqIf77bw+MZV5SOJ+v5/yrXb3Peh29LcKOmGr4g+aypAcLaxyCk5UCe4rVVl15XJagCfcJA/3Co0mVTa4N7emx7m+05LkqmulST5LJ54UFAEDGEpz1P06VNW31tjwpLMqY0hhqOoLYhtuFxLbhxycUrA5r/dBxgDt3JqvkaQ1b7Smcl+U0fdeElHPJynGOpOT0PTHesvpvey82a6tPzY7kuCpbQkRw8EqLSVJKw2vieClJSU8iDjkT1PWqtiPLLQb/3Bq5auccZCUo+74DWM5AKYbKevUgdj0OMdumMCjAxzHyzU8SdeXfUTpuMi7quXmoTwfdQErKQOIyE4wQBxPYZB796guLHemSmokdsrdfcS2hI6kqJwB+poETDNbhaI1VEsuqmihFtRGjuhpHmtrebWwlzPHHIJQHljGeRSB+8TVhN8Np9jtSR7FD2unIbNzhuvTY0Z4vIhqSWyw4krJJ8wOOeknp5Z64V0rZqzVknVNxkXedbGWn5LhdUAsniv5gnr3z1OT1/nW36R3XiaWYjIctLshxppKUpQ7lRUO2VK7Dr0z2zjqKA/vTbmsdibqqHuFo5y76UlpcgzEqaWqFd4aeKlNLI6pKeaFIX+JtfHHbFZXS2k/C1fnm7jaN0NW6YaZLb0+1fdjsh2Qy2jnIWh9oHy08VOthPq6ICjnOBZTZHeKRrV1uxM7TLvUOVxRIjTpkJLUhAIIStLquJGR37jGQRUha0lbW7XzBctS+F+LabhcFqeVJhIh3AMeoFAbS3yQkdAccR+dThlSTWWyvrNm2v2k2dvd/07pi/x7JKShlyVcitl+8oVJUGnQElKkM8FMnHchTgIx0VEnjD2K1ps5qPS39qHoarZqdiRLgCLJLqYy/MQXWMEAjghyOM9QcnBPXEy7i7/AOy289suWmJM2a6xIAU8yi3uMqBCwQeOPSoKSD06dqrf4h9xdS6xveirFqDULlziaStTVrhpWgpUlpDpAWtOSfMUhLQVnr+zSD1GapF6kj7/AFl1vddkI+pZS4E+1RLrHbc+GbUl2G4tDnFS8n8JHpBxglXzxXT8M9nmypNouUV1xqdFR91/CNtdFxXX/iDIcXnIJCilI69EfWpJk3DTmp9idT6UkTI7cufDjoiPNPJ48kSmV8XEk9U4SSD3BAqtGj9Saq24vMqE49NZiyR8K5KbJK0NZCcoIOAeIGMHIBOME5HHuqdSpScKUtLfc53Ta9C2uoVbmGuC5Xnbb4e+O/Btm8W9V3ja/ulvsjzVxskd6WiJGlgSY7OZDvlONqVlRyz5Jzy969Ffsd4V5lbea71nPsa4ES+TYCI7nEpakuMCQl1bef3RyQPoQR7V5hWbSOqtQ6jbhadhMXT70khuK81gtOqUrglIz2V0A4nr2Fe8XhF2Oe8Pexlj2/uCwq6kuXC6BDvNpEt4grSj2AACQQnpyCiO9borCSOJUkpycksZZM1KUrI1ilKUApSlAKoJ9rlfgxoLQGl0t813C6zJ6RjJ/u7SEdP/ADNX7qjn2m+jr9qaNt/PsVv+LXbEXfmhJHmEOGHgJHufQaA8Zdf6bnWW+yFqZfVHlKVIZdcHVaScknHY5PUe1Y3T9ifukxClIKIrZCnnFAhIT1OM/UJV+h+VWribdagkagE29aNvstt2CuI9ATbHF+VxcBS8D+E8+Sk9Oo8s57prl3A29U23Db09tXqmMhLYS6g2xbbKscsYT3JypR7+1ClXJ6pDqFqdSoKcfU8oKOSCcnr/AEroH+VT9/k5mr/63thfFY7j7vc/+a67228MD1ba3tBHyt7tCEKNwnZlikoZR5jjT3nqTnqGwCMpHv75+Xp+dYLy1KKQlJJJwAB3qc5mhFsL8+36X1BCeR6kOfAuFIOc4Ix1GfasfFs14dtT1tRoliNIcZCWpTlvcQ42pOeKgvsk5Iyce1Qpr1qmXjTukpkdl1LKnGgp0FtCz0VlOCoHBHJXbHf6VpdilyrbdGLjDZ8x+KsOtjqMKHY9OvQ4P8qnKNtxeZljuDcNKrpcXID6G2GWF9TwUnmcgDsAR8s/So80JpeZbtUQpOoIE5uBlQeWxCVIWkFtRGEY65IA+maFRw3u4SW5sQzWGW/iihcgJGAOWeZHy65x8vatgg6W0z8cHLjfHYwdPmcVOcDgn2yO2c1xa3sDkzUHnWpi5yoiebaFm0vMq4cDxJSR37ZxXK3a9RXqS07qFF7lqQ2UJeMRxSgnkVAdR2yo/rQhaLZBezFgjsLakX03NOeEmLqTygtXsOBZUB+tbXu5qrQ+o20Nvbk3yAWyGyidcEyCFfLoyn/k1XKxaMhlkLTbbs1xSPxsLBUf9npWQfsqPKU0u2XdCj2V8MtWP6daZGDS9b2nS1hUnWVkvjN/lpnhyaoL8ovs4XyQUgY6gJ9ffPXFRc/d1X3Ui79cfOdSOTvEKysce3U++etTXfNBS7xpy7fDy2mn4cR+SGJzbkdToShWENqKcLcORxQO5/KtC0htjdfh2p9y5xPMQSWnYzmUgnpk4x2H9aAxdovstdzk3KOw8iLDt8t1lLjQKS95CwlagQU5CiD8jxHzrObZXOdM0lKhynQuPElBKEqVk5dCldvfqgnP1/Ktp0y5qT/pK3XCDElW9U16Eph6OtBcj5H7ROE9iCcH6Vl7Ttrom0F5i23ee0wtwqBXGWpawOwPT8/1NMlx4IftGsrnox1vU+nZa2p7l2U8w0scm4wbLbiFAf5xUrH5IPz6fo/2o1k7uDtrpnWklEdEq72xiRLbjr5tNySkB5CFfvJS4FgH3ABrxg2Q8DDe81vvdquG4EDS8aM/Cl2+bdWVJclh0OpwhI6YASCc9/NR7g17Q7VaDtG1+2eltubFJMmBpu0RbYxIIAL6Wmkp80gZGVkFRx7qNERrBtVKUqkFKUoBSlKAVGG9mil6uRZ3kIChCL6SCM/j8v8A+lSfXG6yh4ALGQKAq1K2dkokqehxwhzgGisD2Bz0/ma/lW0V0l8UzlKcKRhKiPw/Lp2+f61aI2+KST5Y6/Svn3dF/hj9KAqyrZWWR+BSevsK4V7ISl9/MNWt+7438MfpXz7ui/wx+lAVPVsY4UKUphSz2AV2/M1wq2UuPBbXlp4OJCFDyx1GPyq2ptkQ92h+lfPuqJ/CT+lAVPGxRMZaG4vHm2WyMexGMV0YewPwz4dREyflxq3wtkUdmkigtcUEENJyPpQFTpOwiZLzazEwex6fPvXaTsCwpSQI7TYAx6U/X/8AatR92Rf4aa+/dsT+GP0oCt0Pw/ICOS3CAexxmu2dirYEcVvk/P01YhMKOnGG09PpX9GKwf8As0j8hQFZ7nsVBVHMSNHStSjjlw6kFOMZrCx/D+mOsoEUBQBweNWw+BjZz5Yz+VDBjk5LY/SgKvx9lZDAdQ1EabUpCvWhvCs9+9fLdsSlDK/NZWpXIEE9fz/4VaL4KPj/AAx+lfPgY/YIA/IUBVVewavI+GRH9Jd5KTjucDH/ABqzulbYbLpu2Wg8wIcVthKVnKkpSMJST7kDAz9K7whsJIIQMj6Vz0ApSlAKUpQClKUApSlAKUpQClKUApSlAKUpQClKUApSlAKUpQClKUApSlAKUpQClKUB/9k=', 3),
	(3, 'Telefono Xiaomi', '512GB , 8GB RAM', 3699.00, '/9j/4AAQSkZJRgABAQAAAQABAAD/4gHYSUNDX1BST0ZJTEUAAQEAAAHIAAAAAAQwAABtbnRyUkdCIFhZWiAH4AABAAEAAAAAAABhY3NwAAAAAAAAAAAAAAAAAAAAAAAAAAAAAAAAAAAAAQAA9tYAAQAAAADTLQAAAAAAAAAAAAAAAAAAAAAAAAAAAAAAAAAAAAAAAAAAAAAAAAAAAAAAAAAAAAAAAAAAAAlkZXNjAAAA8AAAACRyWFlaAAABFAAAABRnWFlaAAABKAAAABRiWFlaAAABPAAAABR3dHB0AAABUAAAABRyVFJDAAABZAAAAChnVFJDAAABZAAAAChiVFJDAAABZAAAAChjcHJ0AAABjAAAADxtbHVjAAAAAAAAAAEAAAAMZW5VUwAAAAgAAAAcAHMAUgBHAEJYWVogAAAAAAAAb6IAADj1AAADkFhZWiAAAAAAAABimQAAt4UAABjaWFlaIAAAAAAAACSgAAAPhAAAts9YWVogAAAAAAAA9tYAAQAAAADTLXBhcmEAAAAAAAQAAAACZmYAAPKnAAANWQAAE9AAAApbAAAAAAAAAABtbHVjAAAAAAAAAAEAAAAMZW5VUwAAACAAAAAcAEcAbwBvAGcAbABlACAASQBuAGMALgAgADIAMAAxADb/2wBDAAMCAgICAgMCAgIDAwMDBAYEBAQEBAgGBgUGCQgKCgkICQkKDA8MCgsOCwkJDRENDg8QEBEQCgwSExIQEw8QEBD/2wBDAQMDAwQDBAgEBAgQCwkLEBAQEBAQEBAQEBAQEBAQEBAQEBAQEBAQEBAQEBAQEBAQEBAQEBAQEBAQEBAQEBAQEBD/wAARCACFAMgDASIAAhEBAxEB/8QAHQAAAAYDAQAAAAAAAAAAAAAAAAQFBgcIAQIDCf/EAEEQAAEDAwMCBAMFBQUHBQAAAAECAwQABREGEiEHMQgTQVEiMmEUI3GBoQkVQlKRFiQzQ2JTY4KSorHhGXJzk9H/xAAaAQEAAwEBAQAAAAAAAAAAAAAAAQIDBAUG/8QALBEAAgIBAwMDAgYDAAAAAAAAAAECAxEEEjEFIVETMnFCoRQiIzNBYYHR4f/aAAwDAQACEQMRAD8AqSGTitksp9eaNeUaHlGq5YOAaSP4aHlj+UUY2EV1hQZdxlswITCnn5Cw22hPdSj2FWxkBLYj1AGPc4o/etOX3TshqNqGxz7Y8+0l9pEuOtlTjZAIWkKAynkcjirneHPo30G6ZyYmq+r+vtOT9VJUFx7b9rQ9Et6uMFZGUrdHuTtSe2SAqrbzrl0f6n25Noulw0vqSG6vciNIdZkArxjKUqz8WCRkc81Z1zXdpjJ40FrNc1NKFek3Uj9nv0r1MZM/QdxnaUmugqQyCZUML5J+BZ8xIJPYOYTxhIAxVVepXgx669Ot8tGmf7RW5Of71ZVGQU9/mawHRwM5CSkepzxVQQCQfUVqR7UdkRnWHnI8llxp5pZbcbWkpUhQOCkg8ggjBFcFtc8UBwIxQrcjHetSPWgNCn2rFb0KA0oVnbQwaAxQoUKAFChQoAUKFCgMKUhGCtYTk4GT3NZ7etPbpZ1FHTi6TZ6oTsgTWERyW3ClTaQ4lZUBkJWcJ4SsKQTjclQ4qT7T1e6dW6QqZC6ZW1hK4TaFMgwgXGVtOIXHcWsqJQEvpO8bXHPL2OJxkoAr3uwcEjJ5x9KFPzXHUC2aktky1taehwpTr9tWXobDDLRMZmUh0lLKUpUXHJO8HnABGcYoUAkljH8NalnjtSoW8+lTR0B8Lerutk5q6SUrtGlmXMSLk63kvYPKGEn51cEFXyp5zkjaQIp6fdL9U9Srq7btOQk+TEbL9wnvq2RYDABKnXnMEISAlR9SdpCQTxRnV7lo6YWp+PZ5C5NwknAkuN+W5tPyJCe6Mj4lJzkdsnirk9eLno3o5oYdKOnMBqDa4CkKuqm1AuzphQFNsuq+ZZxh1wkjgNgZG5I83dZX+fftertuoVm2ESksKXMylLKVkEurwOEkEKyB8uMZHNdkF+Hr9R8y4/peSvLwSh0X6R6u6qw7hqS6TtRQbMHTAj3eK35sdidtDq1SADuDLbCXFqKU4zsSVI3bgtdStCTOncKHcNFdQLpfnZhlSEW6XYVx3G7cw4tozi+hSkKaWttWASlQHcZziZOnGgPDncbeiP0v1sxMnw4iI+pGrJJcTPn+WMSS05MUjewsbjtYZAWDjcoCkTVOnxrqz3KJEVcV3a4ITEMGVJcW7DhMbkNNxSrhXmDap1tJ/hSBu5qlSlJ9pYZL7cEJ6b8QvWDTbkGNZL7dEKmAfZ2Ik1xO471ICQk7hnckjtU9dNfGR1fkyBEf1R9vjpeMYmRHbeStwAHhwp3KTz3BHcEgZFNtbHhzToSDoaJ0mvCNdxIKYke6SJa0NplFK3XJalh3aptRC0oQpGAVAYQUlRb/AE40vHiEPMpSuPBJShwA/fPHlTnP0PGR22+ozXXo4TumlJZ+SsnhE76w6l6d6loUnqf0m0xfHFICDLZS5EmDHba+hRWPwyR6YIJFQNq7pFouQ0JeiJ13t72Pig3JTclvPuJCA2fy8o9+4p/upGDRB/ivUn07Ty+nHwY+pJEET+nmqogJNt81I/iZcSr9M5/SkOVZbtCBMq2yWgO5W0QP64qwbxycUUWD2rll0ivmMmWVvkr0UK9Qa12H0qeZVltcwlUq2RnFHupTSST+eKS5XT/TMsE/u9TKz6tOKTj8u36Vyy6VZ9LTNPURDRSRWKlKV0ntrqSYlyksqPbekLA/IY/70kSek13QT9mnxnU+m7cg/wBMH/vWEun6iH0hWRYw8CsEGnJM6f6rh7ibWp1I7KaWlefyBz+lI8q03SEMzLbJZHu40pI/qRXNKmyHui0W3IJUKyR2I9axg+1ZkgrBz6Vmge1Acyo9qxQPehQAoUKFAX/8OHgqnX1UbW3V+G7Dt2UvRLKsFL0nnOX88to7fB8xyc7QPiuBqq6MaJ001bdOwIrD60/Y7bGS0EsMBKSStQGAlptAKjynIASDuUkF0tzoTkZctqUythrdvWlQKU7fmBPpjHPtVUvERrkXNMzTq9S23T11vNtckOLnrKHbfZQoAMNtqO5UmSvClpSkEJwleA0lZ0pipyzLhckPgrxribB6q6luSYusLfb7VYytEd24O4cnuqUpTskhIAJWvcokD1HHJqPJDmjIeg5eodX36VOmRlogWqyR7eqUrcpYUN6lja22sqWEhGSpW8nG05wzqboxJgohMWbXJlqith68EoNtakqABUE+SFrZ3qThWRlJByM5olq3R0hN8c09p+a7dYsxaWmGnYqFKl/FgBTLa1qbcC8pwF7goHacEE9U7J3Tk1PnGFhLCXgnfBxUYruuX5FO0zej+przGaT0mvWgrx5Jk2+8ypX2Qxyh1CA6G4SGkoDe9KlLKFuKGAEEnNO9HiCaYtabZ1GZF8ZbBZauzriG5Y9lFflIW8T/ALxWff6MGD0K13qNn94uqtpbWfKdjrvcVqWvY4fuXEyJBk43g/dDAyO2aZWstFXm53GCxMKocJttDvlLQptSkrGQtIxyCkjae2Dkd6rGrs89ykHNL83JLF/1bC1jNZa00Jcxc4lLUuc22l4JX3GWyd4PJUpRJOAcAjNPODa2rRAZt7AGxlOM4xuPqfzOTRbon03Wq1K1U/F8tnBjwE7eNqeFKH5/CPwVTwutmW0T8OMGvotDpPSr347szsnuY1H1Y4BpPkLGSKU5rC21cjGKR385Oa6JGIUdUNx5rhtKjXYtlXOK3QwTUA5JZ9hXVLBzijTccn0owlgDHNAEPsx+tAsc+tKPkD61qWQaDAnKYIGRXMtHuU0pKYwD61xU19KYHAhSrDZ5iiqVaojpPdSmUkn88UiTenelpO5SYK2FHnLTih+hJH6U8VskHIrgtHcYrGdFVnuiiyk0RzO6UwVDMC5vNnP+agLH6Ypmai0peNMraVcGMx5JUI8lAPlOlITvCSQOU7k5BGRkHspJM4rRj3oa9tga6BXq8TGwUPamtkaHlQH3qY8tTqhxnhK0DA4O/nO0V5Wv0dddbsgsNG0Jtlc1j1rWupGeK0KPavFNTWhQII7ihQHpN0x1RpLpDqZGqtRainWTTjEdTElhorcilRT5bALKQopAUoJSGwBkpyCAMM3xZ9FOol214/1b6ew3NQ2bULceQ07Eb+1eSpDKEbVIGVFtQRkKAKcKKTjjLLa1poLrbpafp23Xxt5u4xVNvxuG5LI/m8tXOUnByAU5A5NFpHV7xa9E4VhgdPbp/ai0223oivMTIiJSC6kBCVbch7GxKQAFFI59ea6aGkmmQ0QtcWddWt0Wi6W2Pblt4WGJf2lXl4TtSoNOKGcAADfuGBg5GaWNE6wvnT25i+wrxLXKcS41KlltDr6m3OHdilAltSklQ3NlChuI3YJzL3/qR61itG2dc/DVZbnEeIQEJ82Dn+b4X0PIWcegCe3f2VUeKT9n/r5KGNW9KL9pd1xQSt9iEkIaHqomK6FqA9ghR+hroSqawlj7lFBQ9qKyrfsDcN+dN1VMk3NxKgiYbjJylSjlRSy2lK0KySAAPLBH8pIqQtCQtVdb9T2TSyIbiEha2W33I7YkIhhxS1OvKSMnYk7UpUohIShCcDAqfLD0s8CmtlNXXTPXhpmPLWQ0xOuCIK1FOMhIlNIXxke/erMdOujvT/p9ZxI6d2eM8xLRzcmXRKXIH/zAnIyOwOPpWumopU09xRLZnGe41laHttitEazW2MGo0JlDDSO+EpGBk+vao+1JYUp3fBU5XlIb3oWkpUO4I5FRpqNCHFKAGc19nXideTB8kG3e0HeQU8jjtSEuxOLOSj9KlqRYjJdz5eTn2rvH0Wpwf4XP4Vg6Mk5IXVYHB2R+lczalt90fpU2v6FITkNfpSHO0c42CA1/WqS07QyiL0xCnAwR+VbfZxTwl6ccaJy3SS9a3GyQU4xWTraJEbyh7VoWRSiuIsc4zRdTRGcjtUYASW2U1xU0Dmjykcc1wcRtOao0OQi41j0oq6jgmlNSciir6O+PaoaIawJjqfWiniKkTbN0z6daPXFeaROE/Ub6lNkIWt1xLLQ3dlENMBf0Dw96VExnZMhqOw2XHHlhtCEjlSicAD8TXotpbptYV6Yc0tqizQbtCabYgmPKZS8yUR20tpISoY58vf8ARSjivI6tZiEYeTapdzxSIrFeonVD9nd0Z1muRcdGPzdGz3QSExfv4e/3LKzkD6IWkfSqR9fvCt1B8PiIs/U860T7ZPfVHiyocj4lqAz8TSwFjj1G4DsTyM+CbkLEA96FbbfrQoBtt+czIalRHVsvtKC23G1FK0q9CCOQamLSvXvqfodDDOqIhv1tyPif+GQlPsHR3Pr8QJ9MjjDeumhYzyi9BWW1Zzj0pysRkuwERpTaV/AEqSoZB4oCctD9d9Aa8bEKJc0RJbhCFQLgA2tZPGE5+FefZJJ9xS1del3S6/IUi66DsyysHK246Wl89zuRgg/XOap9qTQCcLlWoccktf8A5RrR/XDqToBwQTcFXGEggGJcMr2gfyL+ZPHpnH0qU2uAWDm9LOnWlLjG0/YdX6k0wLw06Wo0eWXIi9qm0KC/MSrup5AwtWCVAd8VxjdLtf6WbN86aays85qQ2FAssG3vPo7pxMjK8w/TCkDmk6wdcOlXUlcVnU6P3FdI6kLaMwp2JUHEOEIextxubRncEk4/GlmFpHWOhYMUaEuCJ8SJAYiREKdPlqQlbqnHHWyohxakON4Uk5KmxjaglNTuYECD188bGmtTJtVou14fZUsEWm5pbu6VgAAoaVLC3FjPIDa884yaktzxm3SM8P7Y6Es0pKVffCTaZdicRnPAdQ8+2ojjJLXPsKTtJ9RWNXyBYr/pl2LLQyyXfPZw248W9zgSlY3BKVBaAT3KVenJfEG4aX1NATJlxIt3jSx5yJjDnlyPiHzB1Od/qcOJWD9DhQ2r1NlfsbXw8ENJ8hJrxseHeFIREvtj1LEkKZS6p61Os3OISc/ClbgjOHBB+ZtPuAQQTLGjvER4YNWp2WbrTY4zuE5au7L1tWCfTL6AhR99qlD600dMdAvD3rRl+DMhW2TLkuDy2row3GlgkABKXUHa4c9iCk9hgcZbeqv2fHSaW6pNpevFldI3BKJHmJwexw4CSPzr0Kur6mCxvf8AnD/6UdUWWmtFps2qoap2lbva77FScKetcxqWgH6ltRx+dELroxbZKHoq2z7LQR/3qjl3/Z8a1sUxN30D1FQiQxhTK3kLjvII9Q62SR+QoNW79oV0u+8sGvtQXRlrgJM9FxawP9zLCkn/AJSa7q+uXL3Yf2/2VdK/gttddFAlRSj9KaF00apOcNn+lQSnxyeKDSYDHUbpFZLi20oec9Jsr8NxSc8/GytKAfY7cfQ07LB+0P6R3lIb1r0p1HY3CSC5a7izOb7fNhxLShz/AA/F+Nd1fWKLP3Itfco6pLgcNx0y62ThB4+lQxqmBqNV5mTrHfIa5CHm1R4JlqZWllCEnC0qIT8Si4FAjlJRhSSNwdl18cHSB27vRmtJ6lVb9x8mWlpkrUP9Te/KT+BV+NGmevfhz1u2huTqaLEdGHQxeYK2PLUOx3rT5e4f6VE1edum1CxGaX2IxKPKGDfdV6o07GfdnaX83yUocDrYdJcStwpwhtKFblIAJWN6eMEfNgdntb29p16NMt8uO608mL8XlqSuQpCFhoKCjhXxpGThO44znGZLbs2jtUsSf7G6qivbkJ3qtVwQ55Q24SdoKkoxxjgdhnI4pEvGiLgqS24+5EmoaeDqUyYo3NkLSoFKk+o2+3fac/Dg1ddi7xeUQJahjIoq+cUszIC21H4TSNLQUnkYqzWCGOvotaXLx1RsLbUVUgQpBuTjYHzIjoU8U/Td5e0fVQr0RsMd2Nao7b7xedKAXHCkJK1Y5UQOBk88VSbwlMQXteXTzJ0dE5cFEeMySC6pK3UqcUE99uxpSCr0LiPcVetDAQ2lOewAr5nqk91+3wjepdghervb7BapV5ur6WYsRsuOLPsPQe5JwAPUkCvMDxvdSZ2vNQWr7S4UtqLr7Uf/AGLKcJbH55cJ+ufpVsOvPU0amuh0vZ5ANqtzh81ae0h8cE5/lTyB7nJ5+HHnl1m1db9a6zek2h3zYcBsQm3R8rhSpRUpPuMkgH1xmvONSPNpoV38n6j+lCgH+SAO9M66a2/cV3dhzkHysbkqHpTq3A85NM/V9hFwkplbcpxtNI4YFGLr2wzk/DKSn8TXK6wrDf2ipt9oOkZCwRmmA9otJJU2tST+FFzYLxEOY0pfH+qpwwd9QWWbaPiLXmt5PxJGQRStobq5rXQjjY0/e3UxUkgwZH3kdXuNh+X8U4P1opablOib496UVtKHBNErna7e/mRCdSBndgGoBZfRHid0bfZEZvW1qFnuKfgTNbSXY+SCM7gN7YO5XByBuOVd6dDOiPstoVdumOoRMZW3ugNImYYbeS2tKVBSPhWnzFBSkKGMlw8kgVSZtp9h0J3bkE80t6W17qTR04y9M32VbnQsFSUKy2sjj4kHKVdvUGgLvO6su9nvTttulvXLjyrmiBb/AC2tiykxC+pSlFW1YylaMgDGOT3xK2nurF+0++mzIvEeagNFYt8xXmFLfA3I5C0DsMpIHPvgioulfFJaro01b+p+mmnEtuJWibDb3pQodlltXKSMk7kknvge8uODTfUPyNU6PvcC4OxorsTCVAhSHXWHDv8A4kLHkfDuHBUSRxQFuNL9VtEX5bUK8tvWiQ58JLh3s55PDgHGAP4kjPvnAMgx9KxblHRKtVxafbeALZBBCwRkFJHCuOcgkVQld51xpwaWtS7Qu7rVA23dxob1echUdvd5pKQP8R1fKSVbOyRlQeXTjr21E/vFh1Em3K85ttyFKeRtWt3OxJTuI3L2KIAwv4fQgVOWC2Vw6fSl7hJtzT6D3BQDUbay8PnTm+NOuXfp3bH3lJP3n2VIXn/3AZp0aM8S0dxCIeqI3knIBfQC433JJKfmT6DA3AdwP4amK2ar0hqGGiUzPhrbWdu8OJKN3GU7u2eR3xn0qVNoHmHrnwuadYuL5i6VmwWt52mO8vt6fCrIH5Co1u/h0YZ3G33mVHI/glxtw/DcnGP6GvZCdo3T9wSfOgNKz6kU1Lx0O0fdAsrt7QKhj5a2V7RGDyY0J0s61aE1EnU/Sm4IavMdCkpftzyUu7T3ThwAKB9QeD7VI7/iK8TtiYXD6h9O7NfiB8UmfpxLDv8A9kPykn8cfnV+mPDvarPKVLs6UtKNImp+jt4ktuJbQF5+lXjqXF5QwmeeE/xAao1FPYh2XSNst8p91LRQ6644zuVxwOFpA+qlGpT6sar6VdPbNGubVq1NdZcmWENRlvsMNraG1RCnAlRSo/EnISoDIVg42mWZ3h9vaNSR586yxn2WnAv4mQVDn0OKfa+itovE2C4dKRVriq3pU6yFFKvcZ7V2LX/pvc3n5I2R8BbwvadXf9WQ+oLmmbZYmmLCiA1DhMqHLiw6tSlrJWsgpwFKJJ3HsAMyl1/6njSdp/svZXyLtcWz5q0HmOweCc+ilcgewyeOKUnpdq6PaMlX+elBkrHlx44wC66R8KR9O5J9ADVLesnVdGnbbdNfamk/aJ0lw+Q0Tgvvq+RCR6JAH5JSfavLtn6k3JFiLPEh1ZVpi1nRFkkkXa6tf3laO8aMePyUvkD2GTx8NQFbo4Zgso7HYCaSw9ddZahlX68Pl+TMeLz7hHBPoAPQAYAHoAKcwjhICccAY7VQBQo9qFGC19DQoBxbj71qoBYwoAis0KAKrt0Zf8GKLOWRhfalOspPNM4A1rvo83GMWcjnsRTSldPLvGJMZ5ZHt3qXEnjk1snb2UMg0zkEL27Sd2ZeWJpVt7iiU+2bH1tKaUD7471OqokdwZLY5ojJ07bZRJWwnJ9cUyCDXWpLGSkEjKR+WOaP2y/XPT09E+zXKTAlhJw9HdLasZGRkHkduKlKRoi3uJIQgYP0pq3rp3IQFORE7wPTHpQElaG8V+oLcWoeurai6xgkD7ZGCW5A47lHCF/lt/OpPhDpp1XiCRoi/wASPcEslCYzzJUGE+S8yoKilScgIkL5SQCQnkgc03mWyfAcQlTSkhtO0gii8W5vw3m5Lbjkd9pQUh1pRQtCh6hQ5B+tAej1oiP2y2Q4D0x2W7GjtsrkOfO8pKQCtX1OMn8aXbRfbtZXzJtk5+K4RtUW1kbh7H3H0NUq0N4m9daZ8mJqAo1DAQefPVskhP0dA+L3+IEntkelhtDdcun2uyiNAuohT1EJ+xTcNOknsE87V/8ACSfcCgLG6Y606jsyh9nuCoDgRt+7a86IvAON8VSkpHJ7sqZOODuASBNOkPEDbrn5EfUtqXHLuR9vtu+VFBGOXUBIfYz3JW2W09vNVwVVJHfIpQtF1kW6W2606pBQoKCgcFJ9wfQ/WgL92+4QLtEROtkxmVHcztcaWFJODgjI9QeDXZSQRgiqx9PepQ81LseYWnlrCFLIU0XiMAJKiNrnbgkKODgccVNMTqQ2yhs3OE8tojCnmk529sEj1BJ9O2Dnj4qhgdq4kdz52En8RXF/92WuK9PlFqOxHQXHXFcBCQMkk/hW9svVpvTXm2yezISMghCuUkHBBHcEHg+xqvXiR6qfaX1dPrDJ+5ZUDcnUK+dfozx3A7q+uBxtNQCNOs3VE64vsi6vviNZbYlaYwcVtShocqdVngE4yfYAD0zXnh1a6izOrGsiYRcTaIJLFvZJOCnPLpHopXftkDA9KkjxOdV1KJ6aadlElWFXZ1tf/Kxx+RV+Q9xUXaPsAiMCa+n7xY4GPSp4Ao2u0ot8VDSU84yTRstHkYo6E0CgVIE5TY9RQo8poE9qFAdaFZCc1vs+lAc6FdNn0rUoxzQASqugV7VxINZBx3oAylZ9/wAa6g5Gc0TSuugXmoaAZB9qB571wCyPWtg6fWgClwsUC4oIeYTk+uKY996cbgpyEMj2qRC7juKwXSRgCpBCEy0TYCtjzKgBx2omoBXCxn8qm6XbYc1JTIZSc+uKaV40C2sqdgnBPpQHTRHXvqHojZGbuf71t6QB9knkubQP5F/Mnj0yR9KsJofxK6A1YUw7q+vT85SR93NUPJWfXa8Ph4/1bSc8DvVRZ1mnwFFLzKh+VECk9ik/0oC/kVnVNl1I7qjTZhvsyIiWVqJU8XGwpO0Br5VYQXCDuCSVfEOdyZ+6O6/vl6tYu9wbU3CVNVCS07GcYW5/eCylwIc+JAI2qx2PPA715Y6B6wa56fy0f2dvzwjNq+KDI+9jqGeRsPy8+qcH61cLor4wtF3ORFja7t37hnkpH2xCS7EUvGArI+NvOccggA8qxQF3NTlFnsVyvsBa40uNGU628yooVuQkhGSO4GcAHj0xjiqPdb+qqOnemnriJAevtzK24KFncouHlTys9wnOTnuSB61a3W2v9ML6P3bVKr9Ees6IwdXMjvJcbKEqBISoHBJxtAHckCvKHW2q7t1Z13JvchCkMrV5URgnIYjpJ2p/Hkkn3UfTAEIBPTFrl365uXa5OOPKccU666s5U4snJJPqSSakRDYQgIQMBIxXC1W5q3Q0RmkgYHPHejoTUg57fxobfxrrtFDaKA4EH2oV22k+1CgOwjgc7v0rb7MP5/0oUKGO5mfso4+Pv9KyIYIJ8z9KFChO5mphjn7z9K1MIH/M/ShQqjbJ3Mx+7+ceb/01sm3+z3/TQoVDkxuZn7Fj/Nz/AMNZEQEf4h/pQoVCkyU2biECP8T9KH2Ef7X9KFCp3MjcwGDj/N/StFQh38w8/ShQqNzG5hWZZY0pO17arP8Appo3jRkBKi406Uk/6P8AzQoVKbCbG47pKMgqIfOTznZ6/wBaO22zJaS2A/8AKMfL/wCaFCmWNzFa7S7tE0xIs8e7yW4Ux1tT8dK1BpxSflUpOcEj0JFHtEaejxYJlhze4o9ynt+tChVkVUmOhMYEkbv0rIjA/wAf6UKFShvYDHA/j/SseQP5v0oUKsiHOQCyEjO6hQoVZRTKuyXk/9k=', 2),
	(4, 'Camara Sony', 'Para fotos profesionales', 1899.00, '/9j/4AAQSkZJRgABAQAAAQABAAD/4gHYSUNDX1BST0ZJTEUAAQEAAAHIAAAAAAQwAABtbnRyUkdCIFhZWiAH4AABAAEAAAAAAABhY3NwAAAAAAAAAAAAAAAAAAAAAAAAAAAAAAAAAAAAAQAA9tYAAQAAAADTLQAAAAAAAAAAAAAAAAAAAAAAAAAAAAAAAAAAAAAAAAAAAAAAAAAAAAAAAAAAAAAAAAAAAAlkZXNjAAAA8AAAACRyWFlaAAABFAAAABRnWFlaAAABKAAAABRiWFlaAAABPAAAABR3dHB0AAABUAAAABRyVFJDAAABZAAAAChnVFJDAAABZAAAAChiVFJDAAABZAAAAChjcHJ0AAABjAAAADxtbHVjAAAAAAAAAAEAAAAMZW5VUwAAAAgAAAAcAHMAUgBHAEJYWVogAAAAAAAAb6IAADj1AAADkFhZWiAAAAAAAABimQAAt4UAABjaWFlaIAAAAAAAACSgAAAPhAAAts9YWVogAAAAAAAA9tYAAQAAAADTLXBhcmEAAAAAAAQAAAACZmYAAPKnAAANWQAAE9AAAApbAAAAAAAAAABtbHVjAAAAAAAAAAEAAAAMZW5VUwAAACAAAAAcAEcAbwBvAGcAbABlACAASQBuAGMALgAgADIAMAAxADb/2wBDAAMCAgICAgMCAgIDAwMDBAYEBAQEBAgGBgUGCQgKCgkICQkKDA8MCgsOCwkJDRENDg8QEBEQCgwSExIQEw8QEBD/2wBDAQMDAwQDBAgEBAgQCwkLEBAQEBAQEBAQEBAQEBAQEBAQEBAQEBAQEBAQEBAQEBAQEBAQEBAQEBAQEBAQEBAQEBD/wAARCADIAKsDASIAAhEBAxEB/8QAHgAAAQQDAQEBAAAAAAAAAAAAAAUGBwkDBAgBAgr/xABMEAABAwMDAgIHBAYHBQUJAAABAgMEAAURBhIhBzETQQgUIlFhcYEJMpGhFSNCYrHRFiQzUoLB8CY0cqKyFxh0wuFDRFNzg5KTo/H/xAAZAQEBAQEBAQAAAAAAAAAAAAAAAQIDBAX/xAAsEQEBAAIBAwIEBAcAAAAAAAAAAQIRAwQhMRJBUWGR4QUycYETFCIzQqGx/9oADAMBAAIRAxEAPwC1OiiigKKKKAooooCiiigKKKKAooooCiiigKKKKAooooCiiigKKKKAooooCiiigKKKKAooooCiivDnBx3oPa1rhPh2uE/cbhKZjRorannnnnAhtptIypalHhKQASSeABSXq3WNg0PZH9QaluTcOHGSVrUsjKv3UjupR4AAquD0y/S51P1i0k/oLQGkLhEs6HSuYVy0JcuQSfYSQPut5GSk5yQPdzZB1dqP03un9vLzmltPXPUcRpRQJrDzEeO6R32KdWkrHxAwfLNNRr7RfQ7boRcenN/aT5qjzIj+PoHAarm6e6+1VYo6bJJ6cmM6+VOOvmWE7nOB7SlDAGMfd91OzVGrbfAQX7rbGBgqSjDjbgOByruSE545x763rEWGWz7Qr0fZe0XWRf7PngrmWtwNj/GnIqSdGek90B6gLbY0r1W09JkuqCERnpiY7ylHyCHdqlH5A1RlI65xDqpmIuO0LSVq9ZfaUUlBxwUAHGArz86U9XyrI4yZDEkrU4Mkle4AYz378+7NZsnsP0Dh5KlAJ5BGQc9/lX2lW7PHY1QD0K9Nnrb6PGoo50zqmTdLAlzD1huDxchvI80oBOWTjOCjGDjIIzV3HQbrjo/0gOm1r6kaMkKMacnw5MVwjxoMlIHiMOgHhSSc+4ghQyCCciR6K8ByAffXtAUUUUBRRTU111I0v0/Zgfp+4tMSLq84xBjrJC5DjbK3VhPyQ2tXPuwMkgEHJMfajsrfkPJZZbQpbjilYCEgZJJzxgVy/qb0++ndtvEi06Z0rqK9tRwtPr/q62YzywRw2QlS1cZIJSBxxSD1d9Ka7X6PI09o9LcCC6ytuTJUne48lSSkjBAKU8+WDnHIriV3Xvpm6EtB09Y7zZ9U25pstNSpDKEPbRwMkKQonHmVK+Zq6FhulvTS0ndorMrUdqZsHi8FmTc2w8njOdiglX0qa9A9Q9HdTLOrUGib+xdYLbxjurZJ/VvBKVFCs9iErScfvVRhconpRaknKeOjrTZ5DgO6WgJQ7lQwpRUta+T37djXUHor6t6u+j3ou62OZrT1mVd7mq7OMhtlbSH1MtNEKU4guKyllsYSpIGDgc00LSLxebVYYDt0vNyjQYjAKnX5DobQgAZ5J4FRJefS76DWe4wrcdZuzVT3gw07AgvyGQojjc4hBSkHnnNcRdYfSE1bqPUdsm9TZDt302xHecdssKQYKFL3oKXUqRyVo2bRuJ4cIyKinqB1c6C3uO7/AET0bKtUx9BefmykLmyEuEpHsAubEH2gnIxyoADJSC0LWdH9c+netnHWrNdJgLLha3SbfIYbUc44cWgIV8wTW11Z6q6f6SaBuGv72syIsJKQyyysb5DquEtpPbJJHyGT5VSS96W+ttFwm4DmstVS/DdUpuC6UIYLeMJPiBRWg9jhPu+Jp4WLrD1T6h9MoVj1teHl2pd0kXmJFfeW4pAdShtAK1klQSEuEf8AzVH3Vv0TXlnH1ZXViTeuPpQal6yzZMi5LkW1hsFEBhpCXWYyM9ikqSVKPmvGeeOOKgpep9cxVJy7b5aTyNyFNk8+eUgZ+tTFdPR21pb9GwNXuhlyFcIrEuOElRDqHceGhDmzY477SctpVv8AhwaQLt0Q6j29SI/9G3ZLvrKYSmYDyJjzclQJSwttlSlIcODhBGeD7jUaMNPUTUzSQZelg9t/aYcDgA+SSefpTV6n6qhap0dItceySos9S0LbUptaVEZwR93nv2PFPC56ZutsfU3crdLjKbWWVh5hSNrgJBQcj7wKVcd+D7jWi7EdZWUEOpxzjJH5UEQ23T9p6dwWbzqVhEq+LBVFtxXkNnHDjnl8hTauepLndpb0i5SRteXuUkcJCvcge7Fb3UJpTWrpoUtatwQob1lXdPx+NNlfmPIjHFS3SzuWbjpttNsReoalFvO19CuSgHABH+LFWH/ZCdRZNv1ze+napS1wtQ2hVxLBUSG5UNaG1LA7AqadbBPc7R7q4Fsl3hptFytilKWh2MoJK+4OMgZ+ldkfZCWmVc+vku7NAmLaLFNU6odtz646Uj/9avwrJZqri0fdGDmvqvB2Fe0QUUUUHivunjPFc3embA07qTSto0zMQRd0zRPgykZK4m1JBUOQTu3BOM4xn5V0irIScHBxXEvpH6lcufV2/wBvccBasrcWAAPeY7b5x8T6xj6CkHOdzlaotDS2bhZ3ZRAKDIhDxgf3lYw4nv2CT86j6evVl9kIt8nqdqW2WwoCTAYDKFFAOdqlKT4g93IyR3NS/wBRdQf0Z0rcbnpe+lm7KiLZYcLCk+CpaSneVAbsJyCcZ48j2rnW79Q9I2e2Ik3W9NJmvoQ6uOhlbjqVHulYQknIORnse4JHNbD21Zr6y2e4Q59y1dJtkWEkNtxkx1eA+4cYL6kFRwACQAACeT7qQ43pB3m/3OPZbJpfTcOIJTKX7g/qFK8sBwKcKWilJ3FO4DPbIz76hfW3VQ3CcxKiQkm2NhLZS+j2XkeIlTmUH4J2jPIJVTy6gPdJ9KaKtt8NoWu5XeIl2FAZfVuSVDla05whAUfMc0EmdaUSZ9mi3OwTG3YzC3RKDQDqvBWOSNpycEA4B5/KuatR3m02CStyHco90aI7paLK0naeAg5284B57KV8i3LLrG6NO+K3NcbUvKlBhRbTkcc4wCOfdUjvohTrLarhdmIc5y4xy6tD4jyHgoKIOSnJT2HCsGgjuyW53qz1AttiYZ9UYWAp8yHkgBtHKjlRA5AAxnzrrZOjrnHjNsxLaVsNIDaCxhaUJTwlKcHgYrmvUNs07aI0aVb7RGjSH3CP1W4DannlOcd++BSfBvN7tS0rgXe4RFjAC2pKkfwIoldsr6z9VLa0phctMUuOxXn1JhJbU8ph1Lje8gAcKQnyBOPoclm65/oa5uTGtB25Lcm6s3ma3FlOtLkyWiVNK3ueIEJStSlbQk5Pc44HJtu6vdULSgJY1VLWn3SXEvBX0VnNLbXXzWbXFytFlnoI5cVCAUr6oq3WN1l2akysmUnZ1d/3jLrOuujpryJtoetE5c2+y4yvHN1UoNo3uMkoStXhN7TuOCSTxk1HPWHVNp1hqiQvS1riQrDEkOm2oTESw8WlrKwp5YypbmTyVKUO+OMVEcfrzanlhNx0M0Bjn1aSps/PCgaUWerPTWdzLh3m3rPdZQh5P0Ax/Clk9hCnV9r1bVrywnGY7a/pz/KmJ4m9O/O0fGpH60zrBdtQtXXTdwXOhLjobWpTCmlIcSpWUkH4c1G7LZmP+GhB25x2rFQ6ul+kj1C13ZtCnU9u0+1fJaIr10uLobjRGuVLccUSBgBJO3IKiABV5/oa+j70V9HvRD1l6Z61g6sut1IXdL21KZcckqSPZShDalBttOThGT3JJJNUr6U0VEYQ1LauUOW84B/VktvBY+ZKQnj51Ldht6oCm5LbLbTjZygNHbs+RSeOfjSRbdr3ApPbP414HEnGM81Txprrr1j0aELsHUG+shJx4JubrjSUeX6t0rQfwqatHfaK9RdHBb3UmPbr/bWfaceDIiyAnz5QNhOPLbV9NRZBRTS6XdT9JdXtFWrXejLmzMt12ityUBDiVLZKkglpwAnatJOCPIinbWR4ex5xVaPUvVca89bupUZK1742pHmsH3NNNMn/AJmjVlys7TjGfjVLXpD6r1ro3rbrq7aTjqlB7W15amteCHiWRIexhP3vccikD36hO3VzTEx2wqaRcIza3YynGkuILgScJUg8KBGRzXF+t+o0rVF3fErTYEdmMhmPHSVNJjhJOMJGN2STyrJ+NSXe+vWrrIzt9YgvKUkqKApxkpGcYKSHDn5kVGV1v7l09a1DPTbG1D2i0hQS47hQG1PsDOdyT28jWw0papzgQ/c07G04KIyR7Kfdmkm93KXcnlSp8lbzuEp3KOTgcAD4D3dqcGoFOOqS61hppwbuTnv7/jTSmvIZykFK/wA/IVKNq3vLykBXbtk9qd1lmSQ6htITlZGCOVZ9w5pA0PpO7asmpZg4ZaQrc9IcSS20n4+8+4Dk1P2kotq0JtGm7aw/NV7JnS2At3J7lIJwge4c0g1LR0p1Xqthl9emnkgq2odkq8EYPckAhZHA7Cl6V6Okm3DcuMLrJVghLrzrTCfgEgb1/VWKU1au1a8Sl68yhnghLhQPwSBivE6j1DvStF1lko7FUlRI+Wa58vDjzWS2/tdfd6um6rLppZjjjb8cpLf29v8AV/U1peh9S6VcUlNvtTO9IcQ1HbaO1JP7QJ3+VIdz1E44BFvNhtMlOdq/WLWhLqeO4cSN4+YNP643i5XHKp81+SrAALx39u3c54poXmK86S46gLByMp5x/mK4fyHTb3/D+nl6L+K9ZnbJydvh5n08IyvbMdxS5VqbehtJXs2oeU9HKvcCslQ4I8z8qRG70th3w5iB7t6CSPrmntNtOSsRHXE7wUqAJBPvHxFNe4abUlshlJSo9xjANdceO8f5LdfCvPl1GHUf3ZJ852v0ZWXoVybLPjBTau+DwPic04dNactS3H0ybfwheUKQ4rODyPf5EVHzMZyM4ppYUSP7RHPs+4/Kn7pbUEZCG452FRUPaOT2rpjnjn4Y5uDLi1f8b4P23Lg2sBSIr60p7DcDj8hSn/2k2WB7C7dJOOfZKcfxpx9N9J2DUFgE+5JjXGa9eGYDzLtxERqDB8MrdlK5BWon2U5O1O05BJApgdabDZNKa7ulg023N/RsPw22H5akqVKTsT+vSU+yUL+8nHG0ituBca6rWOQ+lDFrlknkhQTj8c1p6m03ddZ6bn6tut5FqsNuuTFqYSUFYLzjLru9zGMpCW8ZBON6fjUaW1QVJTk5+FPJzrNdNM6ZuXTZFrRKYnXlq5KUp7GB6q6w4yRtBKVoe7ggjHB5pujuH7IGRerNqjqJpCfPdfgPW+Dc4RQsqjOhLi2VON5+Kdp/4ceVWb1Vn9kVqWffurOvIr8dmJFtem4saLEZJ2MN+trUUjJJOVqWonPdRq0ysDw8iqP/AEh9dai05166nrs4YkQpGrLqFMSWA4hYEtWR7+SmrwFHAJFU5ak0PE6hdQteSn0YTL1LdnULI5O6SsjH4HzHzqyDlq9dTlz0r/Suk7etzvhKChscDshOB5ZphvXW3pnesosaVKz7KT2SfpUz9SOjr1quBbjJ4cQrJSNqQAMAgcnk5/ComXp71WUArYtz2lEEZIAOOfdWgh3253a6yB4sYNtowlKUjy8uT/KlXQ3TuXqmSH30lmA3/aPqHKj5obz5/E8CnzH6fwXWW5mppXqUdA3pbCgC8fdu/ZHwGTUq6O0LfdWpZjactiWYjY2pceHgMgfBShz86BJtOl4EC2swID0S3RmeEtHepRP94lKTknzOaVG7DAQg4v7SifIsuAfw/wAqfk/oFrKzxfWV3PTj2E7ihq6JKsfLFR7e/WtPvKZusZTASceIFpWg/VJP50HrsP1fgONuIHZaMgH6EA/lWAr8gQfcB3/D/X5msbc1ElHitvoW1jIKVZFYH20yB7K1Nq/ZWg8/CgyrWckHuO4rAtQIIV2NarkySwoNTEgpTx4oHJ+dC3gRnPJoPlKvVhIbaYaUxKQG3mXM4XgnCgRyFDuOaTHNPhxtJA3biQDwMn+f8a3lvZByD863rM82JYjy2/1Dvcq7oUOxHuqw+SObrptbEkSWI6AtlW1PifdUD3SR3KT2rHqPRky2WqPq+ysPKtDxQQ8oAhlZKv1avLcClYz+6c9xUtX7T6Hm1yXGxvQSlYxwoY4V8qRNJzUBN26Y3dSnIOoGFepDfymaBwkf8ZDZ/wAA95r5/V4ZcWWPNhe3v+n2fa/C+XDm48+h5+9yn9N+Fn2JXTCbpu6We8p1TNdjvIjoEFSZG1x6U6sIQnZjZ4aRvcWdyQAgJxuUKSepdna0rqZ+zwby3dYyGW3vWW9u07+SBtWoHnPY9/KmPanJNruBiO+KFNKLZDqdqiMcZHvwR9c0pTVtlQ2pOCfa7civdLubfF+TLaCFykKTyFHArT1fhrVL6s+TZH4JrasxAktADjfWrrUf7UPA/wBxv+CaDvv7GhId6p9TJaeQqzRU5+PrCjVsFVU/Yts/7X9T3lDlECCjPzddP+VWrVka1ykphW+VMXjawyt05OOEgn/KqmukXi3GPcbm4Qg3CStxStqlblrWpRGc8AkDy8zVpvUOZ+j9Aaln8/1a0THeP3WVn/KqjdH6jetGk2ERt7e/a+sg5Gzg+1jnsc+457it4+KMvVHw5ji5bD4adg7W/u+MSrgnKMjg+IRjIJO3nimXpL0f7jPhHXmup7VgsjCPGDz+3csEnkA4HJIAUe/BAVmpG6bW6y3j1nXeu0Oq07aiFtxHUtYmyElZ2FGVb/vD7ysHcAcAGot6n9ZtS9atUOQLXdGbbZbJuL81aiY0IYxsZbyPGfIGApWAORlIzQeag190z0e/4lisXrjoO0Tp6/CBI8wtYKz9EAU3nvSqfjHwRGtiED7oCHD/AMyhj8qbNoY0jd78u3aQsjeobglClyLtfJYcbbSMblJ3YSQMg4QhWE8+Rr7uC1xbbIfkXi2QJEdbzQhRoQOFtrQnG1vkpUkqKTtHKSDxzQbNz9JaTeMtL/RSgrjaULRj/F2H4U0bz1BVPC5Cm3mEngrbc8Vs/h/KlmZpnRl3kxoitX2V8yXH0qMu3+CpATtLRJUE4CkleSFEhSQADuFNW99LZVrFyuFocUiFb5TkR+ZDe8WMFpO3JTneEE8ZIznsO1AnI1ZLiSPHiv8Aq57lSeEr+ae1PTTuvY1xKYtwWlt8gbHEjDbh/wDKaiSfFkQXgzPZS0pX3Hmzlpz458q0lTZcJ0sjd4Z5wMfjU2Oj1OpdGSMjzCuc1gDWN5YHAGdg/iKYuhNTTpENEeakvMp4Q8nnZnyWae6C6HAUZCsBST7j/n8v/TNHqcEAgHJ/1/r/AFj3J2jB+WP9f6/DO3LQ26wic2AA57KkeSV+YPz8vr8M6h575Oeee/P+vz92TQPC2XJNwtWyWoFbCQ05j9psjCT8wcfh8aijXsly0TGLtFPgyIb7boKfJQPB+mQfpT0tMosP4WSUPIUkgeeaQNUJ0XN07qudqe/vwrnHtyH7Gw01vTMl+M2lSFnHsjbvP+GscmEzxsrpxZ3izmePmGN1NKWepd4kMsGOiZIM1tgqz4SH/wBalHyCVgD4CtNSwWwSfjWHXhd/ps8y64tb0eNCjuqUnad7cZpBGPIgpxj4V7zsSD7quH5ZE5NXO2eNt+zK/rSAPI5rX1ycanex/cQPyH8qzWX/AHxsfv4+la+tiVaodz/dR/01WFiv2LqQbz1PXjn1a3D/AJnv5VaTVWv2LhP6Z6oDy9Xt/wD1O1aVWQ0urid/SnWaACc6fuAwP/DrqmKFPjnTCWglRGAUo3rV7fH7AzkgZzkbUjk4IzV0vUxtTvTjVTSU7iuyzkge/LC6o3cujsLSm5C1pQ2oBW0kgHPl7Q/DHbNbx8UbHVPXFzucWy9KtIPeCqUCxku7UtJ/9s8taj7KQCRvUcJSFHIxkc/aq1TClvRtH6Ued/QMJQT4gSUrnu9i6vzIJzgHHFLF71CthOq9SFxSn3EM2SITnLaXdxeI+JS2sf8A1KZml20GUJbqM+Bg5PmT5/Ssy9xNOgdM2mDEM28rSpwN58ILAQ2nGCVY7kDIPl3zmvb1qVi6Nup0rZJVwixyUrnoSGYyD5pCz975DNMxm4v6p1HZ9GpdU1GlvIM0oVgqbJJKc+4pyTXUOo2dL2zTsePb47DMO3xx4LDaRtB8hg/j8cc14+p6m4c2HDxzdv8AxvHHcczy4moNnrM21xIbbo3J9auDbK1pPYpS5hRHxAx8a1YEyRCUG4ThihxxC1JS5uafKFhYSrB2ODckHB93FOVyLJvV3kurdcYix9z02Wob1Hn7qQfP3dv4Uj3C+6KlsLisQ7mztygy3EtlJI8ykc/517tY79MvdyzzmF039a6j0lPsTcu4WJca6KWmPMS0kqiyQdxU6rJK0LGU42kEYz7XNRbcYsaBcQwhfjx8b2CtQ+4edpI4PzHzHnTsjy4wUbZP8J1iQnDT2cpI/wBfgab92tKmJH6KVnkF2I6ruCe7Z+B8viKze1aPXpncLd061Ra5uomfXtH6i/UPuqHLSgQFZ/eQTyPNJBqYuo+gn+nWoP0T4yZNumNJm2uYlW4PRyBwSONyOAfhtV+0TUGdLLlbr9EuPTPUpR6rfE74MlZ/3G5oB8F0fuq/slj3LSfKpb0x1Fe1n0cRpPUyXTftAPlpClnK3YmSCn35SCpPzQg+dNjBCId8e3rxtkgIwfJecp/MVo7y4Srnn8fr8a+/FPiJW2cEEHcP40ZS7JdW2MblFZH90nkj6ZrQ9Ky2krSeUjI+dRvrB5q5TItueWptl55PjLSMltlsqU4fnynFSRNxGhvPrxhttaz7uBUEXy5LfmupabG9bIYCiSVJG4lWPnxUtJ2fTEuRfr9LvEkHxpkhchxIGQkrUVcfj+VLjyNpwOa+NO2ostB5YyTjJ9/FbU1AS4SntipjNRbdvuy8TE5+Q+dautSDqV8g8BCMn/Cmti0nMpv4Lz9KwawSk3+WodilvH/2iqixP7FrP6b6of8Ah7f/ANTtWmVVr9i0Um79USnPDNu/6natKrITNTQl3PTd1traSpcuE+wkA4yVII7/AFqgvXHiwrS/GdCkvx5fgupKlZbUF7FAg+7t2r9Ax7Vwz6Xv2fFk6gxdRdQ+mF4bsd2fYeuEy0Kjb40t9P6wqa24UytZHtcFJUSrAJUTd6FM94krdsXgKz7d5luK+OEN7f8AzfjXlkUtLBUe5OD8cCsd1CksS23WylUaYXCg8EBYIOfjxWxp1tTyFtHAIIUPiCCPywPxpBvaPuQha8E50ZU2t4Jye2ApI/IVMlu1Yb7dolnmPpSxKebbUc9hmoEuiXLde1TEeyknxkZ8wc5H8fypQF/ciuMzmHVZbUFcHmuGXHMrb760sys8OkL5c9LaWGo9OLLbwdCHW8cH7pAP44Nc53Ke1Nf9WbQUoztKUj7595rJd9RybzLExDxU8tIC9ysFQHkM+de2TUTFpmpkOWht95B3JRIYCyFe8cf51ww6W8UmUu68/LxXO+pqS4cq3QhHdzhxW9kKBBCf2sfD/wDtbc6Sq6WFElSj4sb20Kz7W5Px+IrU1JeZNzlO3G4OK8RzISnttHux5V92BC1WlXGQTnB+I/8ASvZjbZuuuM1Jsmvu+rzot3jjw0zQHDtPCVhXt/mM4+I91PCFqZ2Drc3lKgBfmf602D7KnNvP1Kk5/wAdJ2tNLRdM2m2x2Jcp8LDUkmRDWyUFxsFSEk8KAOPaHHxzTYnSlI9ReKyC1hQI+QP8RVjSc7HK9at7LmdxSC2VZ74OM/WlKCPEff8ALaoJ/IU2enDy5liUs4IElaE/LNOWG6lsS5QAKPH2jJxwEgZ/EVsJmup5t+nZDTKcuy8R0JzySrk/lUb2jTRWv1qUjaT5EU8LtObvN0LhcQpuKClCQrgnOdx/gK+AEY8Q8fAHipoYkR0MsbUJxgUhXR3YoDb34704luAtqCQKbl0AWsZ8vdVH3ZuZSPidta+sM/pmTt74Rj8E1msywJaB7jmpF6UdA9eekf1hR0+0LDUlSkofuFwWnMe3RQE5edV288JT3UrAHwlHcn2L2mbvHs3UnVz8Fxu3TZUKDHkKThLrrSFKcSk+e3enPxVVmNM3pJ000x0f6e2DpzpCE3GttjgtxUbEgF1YHturx3WtWVKPckmnlWR4RnisbzbamlNqbCkrBSU+8HvWWvledpwnd8M4oPz7+m70Rk9C/SQ1To71Rbdpu7irjaFrGEORn1KW0QfPa54jR9xbqM9Gt2e5aJnJeRDh3iwP+slS3A2uTGUCHE+0SVqSQnCQABhPcnFXJ/aUeio76QvR1Wo9KwPG1hoxLs2EhtGXZkbAL8cAcqUQhKkgckoA86o4uDDxK53hKTJYPhy0KGFpXnG8A89+/wAaB2am0+m52pEuEQtbI3t+e5B5x/KmIhxSAAFHaPLGadml9UIt7Jt01aTHVw2onlB93yrZvenok9YnRlpQ8vzB9lX1FNBmhaVdlhv4/e/MDiswuk+MAlq4LIx5Z4/EVsu2Ga24QYiyO25s4z9RxWzA0vcZzyGWLY8pxR2je7kfPgZ/CgSWGpl0kJQlRUorHtKOfx+FSLE09Jh21CUsqLjx2obT3KuEpA+JJ/OpK6Zej5c3W0XW6w/BYQN2Cjbnvykckn9480o3+JadMXsXB6K1IgWEiTKZyEl0IOUst7htUrcUqWMjAKfMprfpEWdb31C5RrWqamQi2xYEBDYYcZDAbYGUFDntA8gngfe7cA1F9yBKmEDt4aRj5gfzp6a7uVx1TqJyZdlqM+c8qVK8whb3tFvufuN7U/DmmW8lc+4ltlsnxFhDaM847AVgTN0w2QNGtyn1gBa3HRk4OcnHPbnGOasX9DL0CbfeNPJ6g9f9PKksT4wTbbDJ3N7krGVSHkcKBVnKUHlIyTzjGl9nv6FkWbZrT1i6m25TsGMQuwWt1sAPKTjEt0e7P3E+eAo8YqyVAISAQM/CrRyPqn7Lv0SNRqU5btJ3vTryu7lpuziP+Rzejj/hqGNXfY42J1Qd6edfb5bSCo+FebOzOSr3AKaWwU/PBqyGioKfNS/ZTelJZVOf0f1Bo3ULSc7CzMdjOODyyl1vakn3bj86iy8/Z4+mVDUQvpIuUpJ/90uMZwH67x/Cr1qKCjfQv2cfpdagvrMG5dOmtPMurSlydcZzQZZQe6ilClKUR7gMmrbvR09HnRXo5aHa0pplIl3CSpL11u77aUyLjIxytQHYDnajOEj61LVFB4EpHYAfKvaKKAooooPh1vxBjywfPFVc/aK+gXcoV4uXpEdE7IJjTu6TqWxR2yVZV/aSmm0j2kkZK0JGQSVDPOLSaxrZDhO5RIPlgUH5gZNmyFTrMFrbQoh2MvHiNefI8x7j51jt17kQippLpUn/AOC4f4VcZ6X32YmmeqMyT1E6FOw9K6sUpT0m3lOyDOV3Kk4/sHDwexQo9wD7VVb9U+kPUTpJfzpjq/09n2iflQYkFkoTIA7qbV9x1PxQrjzoGzB1DEK0qfbcbPmQCR+VSBpDWlit0tpQbffKlD2PDzz5cqIxUZItliUd4vBZHk3IaU2fxOaWrexpqMAp69sr4+6iRtIOMf3cH61ZR1ZqfXV703pqOmZOi2hmajIbadEiapIyohCACEKOAkH2sFbZwASagXqBrxM6LAamxo1vgw1GTbralSlKU8U49ZfJPtkclJUNyio4JBNJH6fjIYULVGZcWkD+sqJVtHbOSVDgAeR+lN9DE3UWoGY1qhS9R6gmv+BEix2FOqceJ4ASnJJ7cAn4/C7CVNfct8Ncle71udwjeMqQ2fvLUf7yv5e6u5fs3fs/JfVK4W/rr1isbjOjojni2i2yAUm8OJ4Di0nn1YH/APIR5pzmQ/Q6+ysmTLlD6oelQ04VJKJMHSqHRyoe0DMUONvb9Sk+XtHGUm0S326Ja4rUKAwhiOwhLTTTaQlDaEjCUpA4AAFZH3EisQozcSKw2yyykIbbbSEpSkDAAA4ArNRRQFFFFAUUUUBRRRQFFFFAUUUUBRRRQY1MoV97JwcjnsaSNW6K0hruyPad1rpm2321v4LkS4RkPtqI7HaoHBHkRyKW6KDjrXv2WnovatecmWCBedKPu52m2TiptBPJw26FDHw7VE1w+xu0kqSXbR1wu8ZkkYEiysOrP+JKk/wqx3A7YFGB7hQcA6e+x76KsuoXrTqPrC/ND78dpTMNk/RAJ7fGurejPoxdC+gMQs9K+ndrtEl1Gx64BvxZryf7qn15WU/ughPwqUdqfcK9oPlKAk5Gc19UUUBRRRQFFFFAUUUUBRRRQFFFFAUUUUBRRRQFFFFAUUUUBRRRQFFFFAUUUUBRRRQFFFFAUUUUBRRRQf/Z', 4),
	(5, 'Victus Gaming', 'Perfecta para juegos 4K', 11999.00, '/9j/4AAQSkZJRgABAQAAAQABAAD/4gHYSUNDX1BST0ZJTEUAAQEAAAHIAAAAAAQwAABtbnRyUkdCIFhZWiAH4AABAAEAAAAAAABhY3NwAAAAAAAAAAAAAAAAAAAAAAAAAAAAAAAAAAAAAQAA9tYAAQAAAADTLQAAAAAAAAAAAAAAAAAAAAAAAAAAAAAAAAAAAAAAAAAAAAAAAAAAAAAAAAAAAAAAAAAAAAlkZXNjAAAA8AAAACRyWFlaAAABFAAAABRnWFlaAAABKAAAABRiWFlaAAABPAAAABR3dHB0AAABUAAAABRyVFJDAAABZAAAAChnVFJDAAABZAAAAChiVFJDAAABZAAAAChjcHJ0AAABjAAAADxtbHVjAAAAAAAAAAEAAAAMZW5VUwAAAAgAAAAcAHMAUgBHAEJYWVogAAAAAAAAb6IAADj1AAADkFhZWiAAAAAAAABimQAAt4UAABjaWFlaIAAAAAAAACSgAAAPhAAAts9YWVogAAAAAAAA9tYAAQAAAADTLXBhcmEAAAAAAAQAAAACZmYAAPKnAAANWQAAE9AAAApbAAAAAAAAAABtbHVjAAAAAAAAAAEAAAAMZW5VUwAAACAAAAAcAEcAbwBvAGcAbABlACAASQBuAGMALgAgADIAMAAxADb/2wBDAAMCAgICAgMCAgIDAwMDBAYEBAQEBAgGBgUGCQgKCgkICQkKDA8MCgsOCwkJDRENDg8QEBEQCgwSExIQEw8QEBD/2wBDAQMDAwQDBAgEBAgQCwkLEBAQEBAQEBAQEBAQEBAQEBAQEBAQEBAQEBAQEBAQEBAQEBAQEBAQEBAQEBAQEBAQEBD/wAARCADIAMgDASIAAhEBAxEB/8QAHgAAAQMFAQEAAAAAAAAAAAAAAAUGCAIDBAcJAQr/xABZEAABAwMCAwYBBgYKDggHAAABAgMEAAURBiEHEjEIExQiQVFhFTJxgZHRCSMkQpPSFhcYGTRThJKUwiUzQ0RSVFdilaGxs8HTJ2V0dYKDsvE3R2Sio8Pw/8QAHAEBAAIDAQEBAAAAAAAAAAAAAAEGAgQFAwcI/8QANhEAAQQBAwIDBQYFBQAAAAAAAQACAxEEBSExEkEGUXETImGB4QcyQlKRoRQjscHTFXLR0vD/2gAMAwEAAhEDEQA/AOqdFFFERRRSdf7vF0/Zpt8nFYi26M7LfKBlQbbSVKwPU4BpyiUAQdwa9rny3+F84XqBW3wqv5So8yVKnsAqHpsRt9HpV5H4XvhoRtwqv3+kGPup3pKU/wDIoyPeoCD8Ltw2VjHCm/8Am6fl7P3VcH4XLhx0/ao1Bkdfy5n7qminCnxXmR71Ar99s4cAgftV3/657P3VWPwtXDn14W3v+ns/dUUlKeWR7ijI9xUDv32jhyenC69/6QZ+6vf32fh1/ksvn9PZ+6nCKeGR7ijI9xUDj+Fo4cjrwtvg/l7P3V7++z8Os4/atvef+8Gfuoinhke4oyPeoIfvs3Dvf/osvm3X8vZ+6rZ/C18OR/8AK2+f09n7qKLCnpXmR71An99t4bjf9qy/7f8AWDP3VSr8Lpw1SPNwqvySSAOa4MDP0ZG9O9JY5U+K9qAh/C6cOEkj9qi/kjri4MH/AIVQfwu/DdRCRwnv5Ocfw9j7qDdZFpbVjlT9UpKQSpQAAycn0oyD0PSufqfwvvDBDgXI4U6iTHTu6tExhZQM7kJxkke1T5gzosuGzLYcJafQHEFXUpIyKixyhaRyFlUVQXmh1cT9tHet45ucY9/ShcG8lKKroqgPNKOErB+jeipG+4WNhV0UUUUoprcU/wD4aasI6ixXDGOufDrp002eJgB4d6o5unyLOyf/ACF1B4UFQQ7FMrRUvs/aPt1xZsr1y7l/vVyGUKX/AG9wjmJGemBvW+37FpNo5laUtYz81QhtlKh7ghJB+o1zZ4E3qZbdFada7h5hhxpXK8oqSheXVA4UPXNbmgcRNauRl2p9pUyChKlPxHX+cYQdynByg43ykg/7Kpc3iGXHyHtMNgGrutwrdBokcrGuD6JAKl2i0cOpJUwi1WQS0pK+4DDClgD15QM4qyzZtIFaE/seteXDt+RNn+rUe7S5ElyWtRaZublvkPwi2I77gSCvqnldOBnONl8ufQnpSZqbUfEd5oouuopMCQ3HP5Ktstu43UrbbqPUj4154niZziRkQkeW9rLI0D8TJApPL09o5QJRp23H2/IG9z7Y5asjTOlloz+x+08ucfwBr9Wo2QOLeqWILCJWom0xW1F1MnGHHEjcJz60+4nHhptEd2ZalLaWgBZZUVLU5nGR7g5H211IfEGOX9MjS0fFc6bRJGt6mOsrbzWj9LLG+n7WR/2Jof1aunRWlwMp07bB9ENr9WmdbuL+nJc+32xkul6ckKztyt5ONz606WdeaaVIbhNXuMt93PI2leVKAOOldKPUMaV3TG9acmnyx/eaiTozTTrS2P2PW4BxCkk+DayMjqPL1q7E0dpplpDQ0/bFBCQnK4TRUcD18tKfjTkJKVZyARj5v014qagLI9Qd87Vth98LUc0M5VUfTGkm2z3ul7UpR9RDa/Vq81o7SshvmRpqzjG2DCaz/wCmvEXBtSQjG49c1UJywsd2cJGxrxLpDuF6hrDsrR0XppG50xaDj/6Fr9WtA9qZmDZLdp1dk0vbZEl6e4wllqKUKdykYT+KKVKPwyfoqSjVzLaFJfbVzEYG1R67YarqNO6al6cYmJmtT3i25DbWXEqLWNikZHrvWcUhLyXpJCxrR0qOkSw6pvDqc26VYVN5bAj26SlpBK8AuKOeXzHGT09at2mPqm06kl2vWsSctyPHeAamMkhZC0gKRzDcb5BHoRSdDuHFi13Jyasag72Q8JJcdiOc5dKlqPnUkndTi87j56venRfrVqmTpx3XWptWKm3Bxx5jwS1Eus860FSgMkpBx8MYrmZuQ5jZYsmUnqGw257UR29VZNF0puTqED8duzS3qO99ru6F+livis27aS0nJ5DH1Ppc94y0p5DqkMd2sgFSSojfGcEjO/p1IxpUG/vIKonGm2IKY63G0uaiUjASDyp+fgZwAOXm+sbnDtXFXU8TuY1vsFqSYoZY5xGIcU21jlws5UlWQpRUnBJVv0pUt94n3KHPgzrBbpMebJcklL7ZVyvFHKlzC85UMJUSdyoKycEiq2x0WK3qeSN/M+QX3MYzsRprpoccEpAvitT2FlU1ji8ZqQWuREW9qcWtxxIUfIhw4CTzAnOBtv1xfsOpdXOnP7Kr0o/nJ8e95Ttt87br61sARhPTzQdJWG2rKipuRGgNB1rzAgpUE7EAcufY75O9KgsE6Vbo0Ga13vcOuvJd5fOS4cqyepzv1z19K5eoa5C1pETj+6xfqMPswx7Bsfyj+wUsuyNImTOErD1ylvyHjcJHnedUtWPLjJO5orP7LsUQuGbUcIP8NfVgpwRnl96K+iaPKJsGN98hfnPW3B2oTFvBcVuSiiiukuUim1xMHNw61QAM5s03b/yF05ab3EQc2gdSJ97PN/3C6Veyg8Lj3wjuVob7O+nGLhFEnvErS6kuEFKC6sgj23p+3C4aTf0ssMykRZD60tNkfOLgG4BG+SOtRx4f3t9jhPYw33yXm0iNhpZ87JJJynp1PWlm4XdxSnVW1otvyOVwx0nCY7oGCoE/ADevm2ZEDkP6+Otx/dXvHyGexa4H8IHzoLd2mJcSNNdipK5LZYOcL85SUjKQPXG4pwWrWTEu1LavEdq6RbavkigHkeiNqyPxSzuMk55TkfCo1QdXGz+AlQp8nxscKS6VAqBPOTgHodzT2b1ou6wly3rMFpcc75RZBAJ9iB6fCvKQ9D7ZVIzID29LinxrLTr1z0hJY4eTlzbgt1EREV9CUSI5WcKUlA+fypJICN84ynFNvT+rLXfLa/aWdTMw5sOA4hp59SQhKm0HkIcyU5SEjKT1xWuONV+nQuHk+Uha225LjQLazzIdcKgVJPN85O2d/Yb009FcZTPtNnsvGR2PdrDdLgwZFwcZJnISkoJU6o7PoGAklWV8mQFYGK67dM/iYA/va03ZzGS9FWFJmwahnXu3t6rtkAvRZkRt2KtkfjQkpCiCB0Izv9FV2PVV8TdllKJUZDTZ5XljcLxgcufXJpcul0a0xebk/puyiXaYCy8uJDIDkNHMcc7WMoQBsF7o9ObO1IYkytTNNvN2SVHdWo86F7JDZ9t9tq4xjEUxa7vwus2aFzA1hr1T1PEzVum5rtwfmzX480CRypUcKUVAKB+jP2CnDF7QN6luQvDQUtR0KBkNqI5yR6H6TkfVTUiNRQw2y42sOMJw2leeUpx0JzuKRbt3weW4xMDDJwtrCAoqUOuD8STWeLmSQirLfjuvPJjx3UatLnEnt1aY4Z3ZzT8iwu3C6tHmeZbeDaGOY5QFqPQ43x7Y962XprtJQNTacgXq3WdKHJMRqQ607IHkUoeZOR7Hb7K5j9oW3Xa2cWpUljv1rvCWZiV8mVlRARj44KPo3qS/Z8+W4+hErusOTEeXsypxgYLRSCAPTAIHX3Fd3MzpsbDbPG+7C4rGQzzFvTwpYvca9TFrnbs8JHncSpIcyoBI6j45pSs3FHUl08SiVNah8oStvuUcqxzemT/tFaaihqFFSHpSuRKio4QU4HvWLbtbqelyQzKdcUyhOQpI8uPWqhnapnzxOaySjfZdzAwsTJnbCWcredw4l36KUlGo38FHKod6AeX0+umjdeL2rIYKRdnWkKBygOqGc+uSaTndd2ht2QuTeHloMpS0dxKkNhKSoEAgII2Ga1Jq/Vi3iyn5QMtbcYJddQpXmXlSuXKgCPQZNamNDqcle0nLv0V707w7jPPS6H5e9uVf44X6+8XdNydLawvcjwU1aCUpd5TlBHLhJ2649Dmtro/CAcSIcVqNB0vpxbcdlOThYAQkAZyDj/hTQa4mCZdDb3uJNvdYa8K74h+2BeFLUEuNp5hshKc7e2c+tWbdfW7i8421xBtTZZmOpZXItauV5HMHGnTjckuEZA2CeY56E3HFfLAB1S0V0G6Dpjd8nCB9S7+yeDf4Qrio6rB0hprOeo7zf/XSzbu3hxNmgBel7Anb83vPvrQN+0FbnbkJliu67l4xa1vjwpYSy6cHkSn0T5iANsBIFK9m0XIYA5mNsda0c7XXQtPTLZ+W625fDnhpzOtmO0fD3tv1XRPgHxEuvE/QydT3uJGjSVSnGe7Yzy4Ty77/AE0Uhdk6GYXChppYwsznif8A7aKvOlzOyMSOR3cL87azHFFnysiFNB2W7KKKK3loIpB14ObRV/B6G1Sx/wDhVS9SDrw40Tfz/wBVyv8AdKqRyoO6+e3Rjs1Ok7b4NbinA0MAOlISk9TgdacDk4Nd0mVJ7vbZ1Z5So+2ep+ikjRLDL2krYstRSpLAxl3zHf1SN8fVWdOvuk22VQHIbL0p1SAUIAK0qB6IJBIznf3xXzzLaZMl7ekmif3XfhprAb3ViTcoCC3419a1rOAooUnBztjmABHSlKBqYxUlmAX1hJAV3aBgnOOucUyrjc2Y7iXGLY3GUrlbbMjlxvtjkSOY/Saz/BXeI6614whTQ5UhlRThQ6gZHoazdhN6A47IJHA2FTxFuD9/t6nZshx5qKlDbbQwlCVHqdupOAKQ9NaNkXeCm7W62vT4sWc20G46UuuhwtqUQUAc24TkddkqORirmrXrhFjLRMDpTIQCtZJXkA5Kt/ppsaPvd0sl3ZvWnbq/GusdLi2UssrK0rKVAhJT0OCTzdR1qwYMb3Y9WvD2v80EhTO0zq2PabBbb1f9GSWrxZVNO3aIpC4qZsVScJHMkc6dh84bkZ3qQ7itCDjtakuQdOWS13HhgzqGLbbpcVRLd8pvMKcbS68vCgnPUlWcJJwajloGDBvWkZVv4l6+lQp11WhSVSLYW0rbScgB4AhXmxnI6pArb+t9VaRlXe36yv3Dv9lNstWm4OmHVx74gd0mPhKZKVNHnQskjZScelVoyRslc19etLoTwyOAe3yWbxWuF+sjVgut1sWjLRZ7oHTFmaYuLlwizChWFJS6o450EbjGDmnfp+22fTPB+x6yktcOLndNVXB+Jb16rv4t0RTSVcgba3yp5SubO223StKo4jcGNSao0NpPVWmhZuGWkHpMxVtdeefkTX30ELUt5vlUFkhAAHKk43IFIV81jw3ncO7bofipoJWqYGmZy59pMW8qhFtL2C7HecCDzMK6kABXXBHWsMf+CGaDKbDtgKFeXktOSSVsdN5CaOudRcPrFxE1zZuOfDC16b1Yzqm0R7Zb3PFSW7VAZdS6/wAzravOy40cApBWrnynGKXtB3qTxd4wXGx8Lplwsmk7rdlN2aC6MmLAUr8WClXMfmjcZOM9TWoOOOs9b8UeJepNf8RLRFgytRNmdCXDwuGthpCW0iM8kkOoCQASkk5znByAqdkLiBA0RxUsMiePyYTG0Hk2IyodT9dWzKgjfCIw0dITDe5knU7khSB456OvXCm9t2TVeoJE5l1lK+/ae5cKIz3eEn2GRnemzw9s2vNWSJadHMqkFLYW4qQWwG0k7DlJBIzkZO9KPaK4k3fUfFXUsfwEqTCjPlmIkAqKlpUU526jYA5652qrsz6yfh3S+QnoAiPCM2rCSCTvsCMkjr0NfM9Wx3QPkOLX6rvacXyZjI4zRN7jtQtZcnh3xyQF+Ltdr5hkBJDZ5sj359jTRGkeL4de+WrHCTHaUU4Q42FrHvurb66l9MkF+LAkRbbKcQ7EYLi2o7KwVlA5slWDn3rU+ur03DuQhgqYPdpOMBCgcHOQNkmvDDdqJZ7wG/lyr9p+PmSv6RkSD5qPmoLbxWhsPzdPWe3AoQeVLzgWpR9ieYJT9RqacNnsMW5lJc13f0EgFYDL5GceuGfr+netTXS16YagiZOiaiStMeO++ptDKhlSU86wkLJIytGE4yAd6SZWgNNqccZTA1a4tT4iMN9zHBMkDKmyoOEJGysk9B16GrhhxSiMMnY11+a6f+ljIP8ANyph6Ef3Ug4mqOw6w2lhjXV6KE/N/JJH/JpXj6n7Gr4Aj62u+MbZjSB/+motv6E0PCiKuLsXVPdoQ24VuMsAJSvdKlALJCSko8xGBkZIyMrdlsHDRDpbZk6mW2lxCWiqOjmKd+bKQeo22PxryzIMKNvvwx36la0/hrFd7zMmcmvNp/ouh/Bl7Qr2kEL4e3B+bavEuJS4+CF8+3NsQD7elFMzsexQxwjZHKObx8jf+bRVz0tzDiRljaFL4dq8PsM6WMOJokWeVvWiiiugueikTW2+jb6Pe2Sv90qlukTWwCtI3rI3FukkHGcfilU9E27r5w7E6qPYobilqCC0AUjqfq9aUI7siO28kqmMNuNLUFNIQFc2Dyjl9AemadvD3h9edR6KtU5m6ODnZKmm3UFSGkhZ3GN+op1p4f6zhpLC1xnQtvlTtyqdI2ynIyMn41Q8zVMSHIkj6gSHEfoVvROLvRahaERCkFuK+8skqUQFKJJJOTilFm5Q35BQzZFyFrbCSFBSjsOo22rbKNPTYjLMO5W5hC+VJQpoZ5hkjGU53GCSKtN2uS7MU3HIDBwppbhCGHR6hPKN/XbOdq0zqsb7IF/P6KXSNj/Fyo+awnTJV3MHw/go5YyG0jPON84z13NPjU2iNO2O5WiZpGYI7czTzMuay6OYFamSXVfBJScjPr9NL3FpMGdZYMZhpCluT2mxIIAUWl9M7bn/AAvjTD1DB5LkybzPVFC7ZHZdjtoAIQRzBBKdgAOUf+9WTAy25OO11dOx2Xo1zWDqdut2T77rG/aB0dPXIfekrgrWvuQUhCCRg59DTaXapzDyFSHpzqRkcrntjJyrpilux6nZvrMSJb231CG2zECPEY7tIOyTggEYHT1z8Ke7VuktR0OXS5tstxgF8zij0CslG2x3GCPaqbmZzoJXdTNieO6zmyDIQQVqm5ahaRCagW6TKXKcWFFsqPdN9fTIJ/2U37jE1pepka1qmONxhhPejm5UBI3WogEJAx1PTBrdcGTpecUJEeCWw4HUrRHSoc6cEnn6jc5xj2FNXUN/uek7mwqLZ25kdyMsSW2yEs4SCpYWsjGBjr642617YGefaiJkVE+a8g8gVa1odcXjRzz2m5sqFMjIS4xOgSEB2K+8lSkhxScjkdGSO8QUODbzUqaLtmj9QX9mXpKcLJcUOhXydcHOaOVJOcNSDyhO4wA7yj/PzvTP1M1ZJ+q2bwqYi3228tImLCF994Zasd42U55sjfGcZpzcLNOabuGonWXtQqhW9rmV4txtKSGxuCpKjjP11eWt6I91s49dYW1uPMXXNk4wOtWmBKf+UD37bXh1tEKcTzK2O+Rg423BznfJs8ItTSdIS71cNaKnBUx0MNKSkqUyGs5QrJ8qQPbbGa3bHY005w105c27udQW9JKDloR3oIUCo+EdRuk7HZPlPqCaWeDul9H3K53BoSZMyA4424iPc4x54xCye9SeixuMEEHATtjeqRqeW2J7scRjdbMmZJpGa3Mj3rcDz2pM7UHHO1R0NLuVqeUIrKGEuOwQSlpI8gPnG2PWmrc+I1sv6EzowlupbaQhDMeIQEIx5UgA/H/bUxtVcFeDjGnEXqPa7bNuKnWGSolpQUgA4wjPMOUpSBtgDFRkb4d6F1pxa1DZY9yc0xb9OrgQ2/k9pLbZcdcCHicj52F8oz05QT0rPT8KXLmOPE2nNFnypdzC+0nUY3Hpjb8wSP6po37irMsWnn2b/d7qi0htDBaTFTlKUeZHLkbJBBPMD1qYbPZa7Rc1mN8q3e3Se6c8S2kz+YJV7gcmOh6fE+pNRU1Xofg+x/YTiXr7UDdvCHQ2FNd8iR3ZWlSWAlG4S4CgkqRgpIHrhV1z2ltdWqwd/ortPa1uk8utpDKnykd33YUtaiWEgefmSRn2O+drTDoXtISMh5BH5TS9J/tD1OXmKMejP+CpcHsvcY5jPhbjPhvsElRCp3NklXMT8zJyd9+p61ej9k3XUVAIh2vYf44f1aixF7RnaBjMQ4U7i1qB2QxFZElan05LxHMsHy+hVy/+GnFZu0FxudAS9xMvboI6F1P3VV8/TdMBuR8lg/mV6i0jxNkYrMr2sTWvF10m6PzXQzgnoy66D0a3Yb0GEvokrcHcrKkcpwBgkCim72VtRag1Twtau2o7rInzFT30F99XMspGMDP10VetLZGzDjbHdAd+V8S1USNzpWzEFwcbrhbmoooroLnopH1ggOaVvCFHAVAkDPt+LVSxSTqtIXpm7JIzmC//ALtVDXdCuJ3ZvuL1s0NYLhbYTMxyPCmyHm5DSVMMqQl0peWPZIBUM/nJGKkPIt+uFy2bXF4ZaalNs7OLdWFfjEuhPNnlxnybhPmPMQBnmxAHQ/GLV+jtPs2mzuMoYMZLfVaVAHJOCkjGeYg/CnP+6R4gqgKg4hFtXKcEOeUp6YwrbHpjH+2qHN4c1BmRK9oBDnE/e7E3wWrw65A74KQN1vGrZFxtkK0cObPHct/iX45TJL3exGgqMVpSnmUtTZd58kc5UgYycZzr5o/iXaLHJ01+19ZIxdcSwmdGUEuuKAabCj5ThxSgjGFJH48kDqRE4cTbyBDSiFFQmCoKZ5FOJKFApOQQr3SD9O/WluTx717KciuIkR4/g0BDaGUqSkgJwAd8467dPMrIOTW8dJzBGGhg3+I/6o1puyt8K4K6o1ZZLXPm2JEi2yGlSvEI5gUJaQXFn0UlQQlPTcKAGeprF1zwW0sUx9WaqjL5JzkRtpwLStIKmkrQ0EpPMRyFORg8ucbeugZHFnVMlhllbjX4kqUk+c+Ykkq3UevMc1lN8YdUoDbBDDkdtSFJYcU4pscoIHl5sE4PzjvWgPDWe0j2bukfB/0Wwx5a0tWz4+ndJW2ChiwMEzYzyFqcSsgd4rCUoIHVO4261kz48XxUl6OzIcaWoicHHT3SV53ASNz5cnH0VqONxY1HGUhxEaCVo5VAlCtlj87ZXX2pSmcctVTXzLet1pU6lvkyY6sL9DzebqoEgnrua0j4X1UknZ3xLvovRklbFbWRoSw2t11cKK84edXLzKCSpZHNk5G5Hlz0GfopocaLxZlaNTMs8TndkoEV9/kBTgElaT1xkq+rJ2HSk+Vxa4nuxJjcrTlqUzMZU7JW5DJHdrPMog82Nzt74OK15fNW3LU8BUK7r75lwIHUhWE9PXbff662cDwvqTMpk2SbAPn9FL5Be3CZLMtmQzKW8tBUhvCErSkFauYDIHvjNK+kHY0wzbXLmoQZLZaQlbpSVKIIx5ev0CscWe2953io5Uc826ycHFXYUWPb3FuRS42pSOVCgvzNq/w0n0V8avLsUnZekOUGmyt68Lb9Kl8PLXZUh1mWh4RkraSUrbCQrK8+mOU77Vvns8alvjOubqIUlKbo8hJBQvlQ2crBJIykEgKz7Z9qhlbNYXCyWxu1WmPEjtoQUqdDZ71wnIJUc4yQSMgA7mnDa+O+uLHJky4QgFckALS6ypSBjGMDm26DeqpqfhzLzJzIwCvX6Lex8zHly435guMDcf1/ddLblqbim5Bkx5CmXGmW3O9Q66MAIPmBOPQg5zgApOSMVG+bwh1tprUtyat+rbjbpuqn3X5DKFJBkAOKdKsYJwMFXl82CkDOcVG5ztKcRF5JYs4PUERVAg+n5/ptSa9x8149yqW1aQoA7pjKxn3xzVng6Hn4Ti9jtz36vorZi6h4QiPvQGv9p/yKRupez7xMvy4rF+uNwnyo6XfDQ35DPfJaKuZa0IJHkKjk+vMonGVElJt3Zi1N8o2/xdsfDcpwd2H1IU28EjnKQWyrIKR6A9ajy7xv1hCjOOMRrUkITzJT4U4Ch7Dm2rtbF7DHBiIPxUm/k5yOeW0rBB2OO6//ALNdSfG1QMoG/n9F0Brfg9lFmPuPNp/yFQRc4N6wMnxctuOXJcgJdUlRAS+5lRSRjY5zkehp5s8D9W2BpxdxiNgx0/jEoc5iCMZAwN+tTRj9j3hPF5Q09eyEjACpSFfQd2+uwP1VnN9lfhm0ktocvCEHAwJScYHp8yqzmaLqs7C1rGknv1fRdib7SsQhrWbNbwOn9OXFWOybH8LwnYaUkpV4584z0+bRWyNF6Fs+hbUmy2NcgxkuF0d8oKVk9egFFXXTYZMXFZDN94DdfINSyhm5cmQw7OJPHmnLRRRW6tJFJuo21PWG4sIGVOxHkJA6klBAxSlTS4s6guOleGuptQ2ZaU3K32qS/BKkcw8SGz3QI9QVlIpV7FQV84rGn9Qx2G2X9PXZC20hCkm3vZSoDBB8vWrgst6HL/YK7HJxgW976vzamJcO0xxQhznm7jxm140/zEupF2kJAUTvgJUABn0AwKxz2qNepbdCONuuedaCEc95kbK9MEq2rMe7ZHdRZ4UQxa7knyrt8pKkkhQLChgjr1FVJttxH94Sf0KvupVVdddS3Vy56WHpMhannnV5KnHFHmUon1JJJNVidq/H8GifzTThQksW245H5BJ/Qq+6rgt1wG/gZP6JX3UpCdrIkfk0X+aaueL1j6Ro2foNRSlJYt08jPgpP6M0C3XAKCvASTg5wWVfdSt43Wqhy+GjH6jQJOtPWLF+w1J3UcrFU7qFVtTZymeYQc7zuORfKT93wrEXBubiitcOUon1LKvupWEnWR6xov2GgydZA7RYv2GooEUUpJPydcAM+Ak/oVfdVBt1wJz4GT+hV91LPitZ9PDRfsNUeL1iP72i/YaUAiRlW+5DbwEn9Er7qtKttxKv4BJ/Qq+6lxc3WI38NF/mmrZnavP97Rf5poAB2Q7ij/7ukU224FQSLfKPMQBhhROT02xvXqrJfOXmNguowrBzBe6+3zaWY181/bJbNwtTzUKbGcQ9HktKKHGXUKCkrSr0UkgEH3FSie7T2t217cZ9do5s4xe5asD2zz0IB5CBotQ+d03qSePAw9NXh9+QQ02hu3vKUpajhKQAnJJJAA9Sa+mVAykEjFcY7P2lOKcm5xlWrjHrp19pwOIC7xJW3lO/mQpRSsbdCCDXYHQV4kah0VYr7MKTJn29iRI5RgB5SAVjHphWR9VQQFlQS5y/GgoSetVUVClUBpIORRVdFEtFFFFEXis4OMZ+NR47Xes5kXTEbRVmeSJ11y+42r0aSOh3HVRA6jcipCvKQhtS3CAlIyonoBXP/jRqmbxH1jerzHt7NwhIcMSMzJkFtPcNj531n/jUhQVD7iDpYrvjrD0ArkE8ziylIScqO6cEjf2JpmR9KxpM9u3wYalOKICkPrQhSyVYCU74ySQK27xCsr0WMp5dghxud5K1LZlFa1ZOEthXXdRAH00w7taVNxY0hy1MxyCQ6US+ZxxXMMA+qd1BI9OtZLFN6HpqNcJgjwopUopTnvHm2wXFdAnJxjPXfIFX4OnYE2UtuPDcU2OXCVvNpXjqepA+bk9falG428ot8WSLawwlCsOd3OK3nHMhPMsfORnm2PTaq7hbi1Hjzhb48YFPd8iJhLjiwQCtQO6QQR122oixLdpmHMTJeFveUlgFQSFISopAySAo7/UTVyDpaPNL6mYLy22SpSlJUgYbB5Sdz1yRsCTWbdLcnwsSUbWyw0loJW22+panVjqpefm564O2OlX7lan46WLmm3R221ABTbUr8Y4U+U86QcoJIz5uooiToWnIMmG7IRF5u7KgVJcTnZQGeU4ON/TNXo+l40u3PXBEBxQZSCeVSeVJJGCcnmIOfQUp3G2ux0MzjbI7aCnPdMSebPKOXKsfMORncDrVd0tyo6G7oLM1HjqCeRluSSDgcuNt0+nWiJHTpmMuzuXJmEpXdYCzzp5EHJyTg59Ntqrc0rEMRcpmA/hlfIpSykgHB8qsHIUeWlW62tcfubh4Jhtt4qCGESskHJ3IHzDtsCMn0qu5xENzk3P5GitRZKgvwaZKinlJzyk9R0Ox3OfjRE3V2O290l9iK8plW5KikkDPwOAce9WJ1kgNMolR4L6mikFRylRP0cp3Pwpwy4iWZKpRtLfh1rIDKXlKSBnb6ABtvWK9F8G+JCrc2ppfkQkPEpBzkY9PTFESWvSrLkhQjQnVsAZBUtvnx6euPsNYjenIZuceDKgyEIdcSlYQpHecpO5Tk8ucdM0uvWqVDeK1W1KmnEpcS0iRzco6g5HTb3rEnWd6IWgWUAqUMFEjmOScDcfNOSPsoiR06eis3FUGdDdbJBBDa0KWhWPKCM46kZ396x4mn7eVqadhOhaQBlKk5KvXOT0+il+72tjv2FRrcwwhxKE90h5agebKPnEZSSfT45HUUofJrLF4jTBYYxYW4hwRGpTimwhXm7orPmGPmkHcH40RKfDPSri7mVRoqjIZVzY5UlPKeg3UM/VXULsl6zlXPRzukbtKS5PtCwUYSUhTKxzJIBJPvnfrmudGm9OQYWomWZ1kiIalcqG0MvFxskpDiUhWc9OYYPtUouCuqI3DjXtjuLQ7q2Tj8ny9/LyOHKXD8Acn6PpqCsgp3pJKQT1IzVVUoGEge1VVipRRRRREV4RkYr2qV45d+lEWse0Rr06E4aXB+O6hE24gQIgJGVLc22H0HGR0Kga59ajssd6Op266S03ckRkeWXcEIU6kY5lKPMnbzEk+nrUiO1ZrNu968b04lwrjaeAJQFbKkKGSdvYEfX9FRof0RoxjBatbpCVZKVSXVhW3qFLwc+2KkKCmRc7LGdj/ACo1oPT9uJBUEIbQgoBz6BORTXgabcXb52oGrHYu6S3z5efaZdBcyE92g4UspBGcA4wc0+dQaS0stxchqC4HlOB1R75YQVeu3Ngb+lNC42C2l9b5jJ51bnlcXy/UM1ksU3bbBYQ25JbsNtdK0FKUucqOQL2yMY3A6jcV5bIkaOt1YscNzvW1ICloCS2ojAUAB7fDG5rNetFvJJ8P9i1j+tVyLaYTwIeclBCdgEPEYH20RYkG2JgFxTVgti1OJPVsJ5SrbIIAJx7Zx8KyrZAYguOSHdP26SVoWnzIKeXKSMjAzkZH2VlosVu/xud+nNX0WG3f41O/TmiLFtdtbgPGW7py0yA4k4aUgJCMjGBgfX9dVW22xLa+6/8AsatcwPJKQ26nkCcjBGRgkY9zWcLBb8fwqd+nNXk6et5H8Jn/AKcj/jREhmFFthW4uy21Yd8v9rbSE+Ug9E+2ftqty2ItIEz5DtqvE5B5UoJQjlII6euDtS4nT9tQDzPTXMgjlW+SncY9/jVC9N2UFau5cUXM5ClKOM56eb40RIZtCrclx/5CthEkcpSAjIBGPQEj7Kx0wHLWl64Cx24N4PKSwgpTyjBSCUYJO+w96VZthtMdae5jkqOSStaunr6/GrLsYKSEmTIKUL50tqdKmxuNgPbaiLDkabXFjJlL05a3G1HCQgp2P1AY+omsFUDmZ75ix22CysFKn2UfO298bn4UpeBSkIzJlciVAhHfq2q2IiQjujKklgfNb707HGM/6qIsSJa2prMaHBsluivyMth9eAUlXzeYY2xt/rpVd0+G2zbzpm0xnWEr53kt5U5hRUkq2wQCAB0BGNqxkWqC4fOytQI/OdX/AMDSrbtP2k8hdiqPIcgd+4Tn+d0oicdtsUW62ZDtv0LZIzS20uFaWQnv1J/GJS4koxjIAI2wM1s/T9l0yLOuXpi1wob0thDiHGYaWScHmRkpHQKA29xWvLVpewuOB56BzKJBOHnMfUObFOyLozSEpzxcu3K70LDqeV50J5s7+Tm5R09qgqQui/AjXg4g8NrZdFuKM1hAhy0LOVpWjYlXxI6/EGtjJ6DfO3X3qH3ZI1m1ZdWS9HlXJHvTZfZTkBKJCRkgD4p5vsqYI6D6KxWS9ooooi8OwzSHrfVUDRWk7rqi5KAZtsVb5ST89QHlR9KlYH10u1Fztsa98BYbToCI8kuT3fGSRzb92jZAUPYq3/8ACKBCovXW+zbzdJt2ubhdmTX1vvuE5ytR5j/rJpJlScpODVgycAJB2AxudzWHJkZHWs1gk+5OcwVk01JwOVU4JrpII9xTfl7830URJDiQkZVRG8iFA/nEkV6/uDVbSUhCc46CiK8ishBG1Y6cDbNXQeUdaIstJGKuhwY2rFaXnarqSPY/ZRFd7z41Spe9eZHx+yqVEZ9fsoiw7ioFaD7pUn69qwlebpWXciEhtagQnmxkj3/9qwisAkDfHrRFQvcbVQlPmGarrwDBzRFfbSNqWIRAKcUkNeY46UqxPKR8BRE6rc9y8uKckaXsMGmjCeAxt0paYkbCiJ36f1JN01e4GoLYrll26S3LaOcAqQoHB+BAwfgSPWulGmNR2/VWn7bqK2rJjXOM3Iaz1AUM8p+IOQfiDXLNMnbr/rqZnYu158s6Vn6ImP8AM9ZXu/ioUrJ7hw5OPgF5P11iVIUlqKKKhZLxQ5klPuMVBntRcGO0Jq/jBcL/AKM0WzfLM/HYTGd+UG2lNBKMKQULII82T9dTmIBBBGQeorwIAGMn6zmiLlrM4Fdp+JkO8HyrfGG7kwo/YFVhK4J9pdQweDcn+ms/rV1UVGZVuptJ+oV54ON/FCsrWNLlGvgJ2k3c83B+UP5Yz+tWK52dO0Y5kL4SzQT7S2P166zeEjj+5Cjwkb1ZT9lLSlyRV2aO0OoY/apnf0pj9erf7mLtEf5L7oPontD+vXXLwkb+JT9lUGKwFDDKPiMUu0pckVdmTtDISVnhjdMJGTie2f69Vq7MfaGQcHhrcN/mj5Qa3Prj8ZvXRPj7x00zwR02uS+w1MvkptXydASrClqA+ev1SgHGT9QqJfArtea0teuprnEu4m6WS7Pl6UlKdoK8AAspHRtIwOQdQM7nOdPJzosYgPNK16T4O1TWMJ+fjt91vHm6uenzpaoZ7M/Hgjlf4YXsq/zZ7QH295V4dmbjen53C6/f6SZ/5ldUrVLtN7gMXO1PsyokpAdZeaIUhST0INZoiRx/ckn6hWyx4eAQbBVWc1wdTufiuUP7mjjZ/kvv/wDpJn/mV4ezLxwVunhdfiP+8mf+ZXWARo5/uKP5or3w0f8AiUfzRWQcCsaXJeV2YeOriAGOFl450qB/GzWVD/1/GrB7MHaFJyeFs7P/AGpj9eut5isHYtpx7Yqnwcb+JTU2lLkh+5i7Qnpwwmn+Us/rUfuYu0ON/wBquf8A0pj9euuPhmP4tP2UeFj/AMSn7KWlLkins09ohPThRO/pTH69X2+zr2i2+nCWaf5Wx+vXWbwkb+JT9lHhIw/uKfspaUuUSOA/aRaxycIZX1zGf1qyUcFu0qgYHB6Qf5a1+tXVXwzA6NpH1UeHZ/wB9lLSly5h8Ce1BOITH4QEH/PuLKf61bv7J/Bvj/oziynUGudHMWKzCA+y+sXBt5Tyzy8iQhBO2d8npiprpjspPMltIV7gb1UGkpBCSRk5OPf3qCbUgKuiiioUpicV9Uas0jpNesdKQPlNuyPInXO3ojqdkS7ckEvpYA374Iy4kYPMUcgGVCkLR3FG8a8tWrNfaflQXdHRo7jWm5SE83ygtlCi7KCs4U0V+RI9eRR6EGtr4Gc4GfesSFZrPbbU1YrdaocW2sMiM1DYYShhtkDAbS2ByhONuUDGKItPP8RuIN/0jwnZsV2tlovOvYLMqbOeheIbZUISX3ENslaclSiQMq2APWnXqCLxOt3DmT4TXkJOoILbstdzcsQLTyEJWoN+HDvlPzRnmPT40v3/AIc8PdU6bj6P1NoXT12sMMNCPa51sYfiMhpPK2EMrSUJ5U7JwNhsMVf07onRmk7ANKaW0pZrRZEhaU22BBajxQFZKgGkJCN8nO2+aItSp4jcR9Pdn3TvEa93+23S9XyVppxbibd4VhmPcZsJl1HJzqyUokOYUT1wSNsU9xrW9K41nQGWPkwaZ+Vzhv8AGB/xXdjzZxy8vpj33p1y9L6bm6dXpGXp+2v2JyL4FdsciNqiKjcvJ3JZI5C3yjl5cYxtjFJOi+FnDThwmSnh5w80zpcTFJVJFmtEeF3xT80r7lCebGTjPvRFqPhbxK4z/swtNj40w51mlXpqQhqEmyxkwjKbHOptiW3KcccSlIVylbLZWN8JO1bL4ua+m8OdETdUQbU7c3o+EpbQPIgk4C3D+agep+j3q9pjgvwg0VfXdT6O4U6OsV4eStDlwtliixZK0rOVgutoCyFHcjO/rTufYZksrjvspcbcSULQsApUkjBBB6ipBor1geyOVr5G9QB3HmuXWu27vr6Ydb6q1awubdFLU6tZChHShLighCQrO3JgJwP7Ynck01rPohmJGuF6b1HFfTbpDCUssoIU73iErSvGfKE8/KfiD0re3ar7NEnQzcnXGh4CndOuKKpUUJyYBPVSR1LZP836OkbuHtku2o9SR7FYoLkydNe7thhAGVq3O+dgMZJJ2AyT0qqa+OppZRN7L9M6HnY2fpXt8WUNjaBY4Iofd9FNLgBra66Bv7OhmJ6r5a57ikttsIyWHA6tBUgAkBPkKiM4wQalwlasbqB+Nar4EcE4PCy0JenBuTe5bY8S8BlLOw/Ft59Pc+uK2zyp/wAEVseHcLLw8UsyXXfA7geRXwDxJmYudnPlxPunv5nzpeJOcj2qqvMCvasIFCguAiiiipRFFFFERRRRREUUUURFFFFERRRRREUUUURFFFFERRRRREVZWnOASevtRRQcpQd7pVMhhqSw6xIaS624koWhachSSMEEH0Nay4Ydnvhrwl1FdtR6RsfcybssqyoZEVB6tMj8xGRnA+A6AAFFYmJkjrcLpe0ObPAwwxvIa/Zw86W0kA5JJNV0UVINiyvG7RRRRUoiiiiiIooooiKKKKIiiiiiIooooiKKKKIv/9k=', 5),
	(6, 'Tv Smart LG', '60 Pulgadas', 6500.00, '/9j/4AAQSkZJRgABAQAAAQABAAD/4gHYSUNDX1BST0ZJTEUAAQEAAAHIAAAAAAQwAABtbnRyUkdCIFhZWiAH4AABAAEAAAAAAABhY3NwAAAAAAAAAAAAAAAAAAAAAAAAAAAAAAAAAAAAAQAA9tYAAQAAAADTLQAAAAAAAAAAAAAAAAAAAAAAAAAAAAAAAAAAAAAAAAAAAAAAAAAAAAAAAAAAAAAAAAAAAAlkZXNjAAAA8AAAACRyWFlaAAABFAAAABRnWFlaAAABKAAAABRiWFlaAAABPAAAABR3dHB0AAABUAAAABRyVFJDAAABZAAAAChnVFJDAAABZAAAAChiVFJDAAABZAAAAChjcHJ0AAABjAAAADxtbHVjAAAAAAAAAAEAAAAMZW5VUwAAAAgAAAAcAHMAUgBHAEJYWVogAAAAAAAAb6IAADj1AAADkFhZWiAAAAAAAABimQAAt4UAABjaWFlaIAAAAAAAACSgAAAPhAAAts9YWVogAAAAAAAA9tYAAQAAAADTLXBhcmEAAAAAAAQAAAACZmYAAPKnAAANWQAAE9AAAApbAAAAAAAAAABtbHVjAAAAAAAAAAEAAAAMZW5VUwAAACAAAAAcAEcAbwBvAGcAbABlACAASQBuAGMALgAgADIAMAAxADb/2wBDAAMCAgICAgMCAgIDAwMDBAYEBAQEBAgGBgUGCQgKCgkICQkKDA8MCgsOCwkJDRENDg8QEBEQCgwSExIQEw8QEBD/2wBDAQMDAwQDBAgEBAgQCwkLEBAQEBAQEBAQEBAQEBAQEBAQEBAQEBAQEBAQEBAQEBAQEBAQEBAQEBAQEBAQEBAQEBD/wAARCADIAMgDASIAAhEBAxEB/8QAHQABAAICAwEBAAAAAAAAAAAAAAYHBQgCBAkBA//EAEoQAAEDAwMCBAMEBQYLCQEAAAECAwQABREGEiEHMQgTIkEUUWEVMnGBI0JSkaEJFiQzsdMYJkNUdIOFk6OztBk0RISSlcHD4fH/xAAcAQEAAgMBAQEAAAAAAAAAAAAABgcBBAUCAwj/xAA6EQABAwMCBAQDBgQGAwAAAAABAgMRAAQhBTESQVFhBhMicYGR0RQjMkKx8AcVUmIkM5KhweGCovH/2gAMAwEAAhEDEQA/APVOlKUpSlKUpSlKUpSlKUpSlKUpSlKUpSlKUpSlKUpSlKUpSlKUpSlKUpSlKUpSlKUpSlKUpSlKUpSlKUpSlKUpSlKUpSlKUpSlKUpSlKUpSlKUpSlKUpSlKUpSlKUpSlKUpSlKxOrNS27RumLrqy8eZ8DZ4js2T5aQpQabSVKwCRk4BpvSstSqXc8UGl2oAuLmjdYiOoApdNuaAVntgebn5/uNdeT4sNGRENPPaP1n5byg22pFsbVvUTgAYdz3rZFlckSG1f6T9K+KrllBhSwMcWTHp6+3farwpVKzfFNpS2+Wm4aI1uwtxtLiULtjQUUkZzjzs1jXvGT06jpK3dMawSB3BtrQP8XaCyuVCQ2qPY1rjU7IzDyMf3D61flKoZHjE6eup3taU1kpOcbvs1rb2zjPm96N+MPQDrfno0hrUo+ZtbQx/wAasiyuTs2r5GtovNiZUMdxV80rX9PjQ6crdEdGkdal08BItjXJ/wB7XJ/xlaAjIS6/onXaEKO0FVobxn/e1hdlctiVtqHwNZt3EXSilghRHQz+lX9Stfm/Gj04eUEM6R1s4T7C1tf31c1+MrQTbyWFaH13vV2SLU0T/wA6ibO5XlLaj8D9Ky4tLLnlOGFdDg/Ler+pVFteLXSjxIb6c9QD/spkf/dXZT4p9OrWlpHTTqAVLICR9mMck/6+sG0uE4Lavka9gE7VddKpc+J20JbW8rpf1B2JJBItcfjH+vrGNeMLRb0j4NrQGvVPb/LKfstng/L+vrKbO4X+FtR9gfpXlRCBKjFX3SqDneMLRtsu6LBcun+vI1xXj+jOWtnfyM+z1dWf42enFscLNw0Tr1hQOPVaG8f82hsrlICi2qD2P0rDCk3SlIYPEUmCBmD0MbHsa2GpWs0j+UE6Gw3jHm27VjDqe6V2tAI/4lcf+0K6CHtG1Sf9mJ/vK5a762aUULWARuCalTHgrxFdNJeZsnClQkEIMEHY1s3StZU/yg/QdXaNqn87Yn+8r6f5QXoQDj4bVH/tif7ysDULU7LFeleB/Eid7Jz/AEmtmaVrCv8AlDugrZUFRNWekbji1J7f7yr16d9QbH1Q0Xa9e6ZMhNruzanWPimvLc2hSkncnJwcp+dfdt9t38BmuVqGh6lpKQu+YU2CYHECM1KaUpX1rlUqvPEStLfQTqKtYykaXuefw+GXVh1W/iTUpPh66lqQQCNJ3UjP+iucVkb0PatZei/xmpJTVq1DDbhsxGXnIcZMlBEp4ZKUlXASr1Eerjg1Nrb05iP6s1FHhXm4/EwHRDgoda2tfFOR1uhO3P6oSRkftZqO9I7rpeNJucDSsyPImLSlEqOpBJeZKP0pUnGdoweBzx9ayN413OkamuF6sEwrVHnInQwvAL8kNFkYOMcpyAntg/jVpXQunblxFuYTwiJ2BkHPvkHtVaalft2Ohsm5TJcJCwN+FIKYBkGE4xOSIyKzeguklt1Poe23DVV0kuS7gXpUlLStj3lhxzAC85/Vx9M19n+G3p5NkTW06h1CgWt1aFtF0OKAAyFeoZUPwzUNh691TAvETSNr1mIyXkqbTF+zFkuILhdPkr+6sAk5I9uKlo6jXNyz3Ny4XlqLMbZfeWJjCEOtEjCnUg8pBSCCe3NaFw1qXnl1t7CjgDlJxiNo/Solp2p6Wi2TYraUJSAqc8UJGZCs+qFfOI5V/P0FbLL06jagc1BeIio1rgXVTYQFp8yQ4GyMJByRmpRqzotPisvQbLqibcUOXKJbm5BZTubK3Cl5StvbZgf+qsejVkHUOlU6bt92t02MywiO65HLan/JQrc02VJ9QSD2B4GOKwlw6uagtV2m2a56hIjXGcZ70huOghp307V9sjG0HA90jjmuwG9TUuW3ACknfpiPy9j86mv8xsbJDbD8qQtKUkpO0AjMnA2EzgzXe1902jdPGmJ9onGQl52Qw4mWlG9RbWUbkbewPfHcZru3ucX7Gwi4Q47SUMJQQ1zklIIPbKeaxOqn9U61+EkXa6MOoYUJDTqGUsNFTpzv3D0rUognPOMdhXfevt0v88WolMVD2G1ONN5U4nkAHHHtgD34HvXhanSygXJ4liZP6chOOoFSHSQ3buvqtfQlfAEjnM8zvgxkTv2qFSLMqAw0tCkKTLWtYb3bykJUeePpX21WxpNzbXLuKIre7dveRzg9hU/a0fb4MYPTLs5HLTvlJ3IVlxtRwgdickkZxzkmuMaJY7hNcb1WmNIXMbbZistEIAwn0n57uDwQTmue0pxsfc/7frO3ephqLdvqT7dxfCFiNzCgBy6mFAAGAoiYHXHyXpNomEqUpbKsbVoPBFZCbPlOR2JkTc6UKCgkH1bvbP0qdw9MW2VZkw3rC442z6Gile50pHuSDnP0rD3TTH2YEzYicxmxjCyAUrHseOD9M19EXxWQFD1fCD/vXdCLfy/SrhR3BkdcRt07VHXNDNiAq6aq1QqE25uWmIHwFrUedv8AGo/b24wjuiLINuQ1hxvflbrhHb99ZZl9y9ONqmyY71ujuqWuGiWkLcUO6eTwTn3x2rHSozttmquaYblqg+Ykp3K8xIB7AlG45NbSNSWygpeWOPpiB2/7rgK8M2j7/m2qPulbnMqHXciJ2iPaura7ety4xrjcXW1KkTG1+c8/ukHkBKcqOQkZGcfWrIe6b6avTe/UKFLeW4SySst7RzgZB7/jXyw2aJC2XCej7WkoZBaTDaBSge+V4z+eakAfktLYkIhu4/VTzyD7BPcfj860rnUnbn/LVgdP39K6Wl6BZ6QkOJb4FqyRyBM/P41pP150zbdPdS7taokRLTbCGChTpK1DcgZyR9TU36D+HLRmtun8/qd1Kvlzh2pm6sWqOxbUp3Fxx1ppKlEg5BW+3+AzUe8Rby3urV5ccStpSmopKc5Un9Envg/21sF4YpcPRXh2uep3oCLs3I1TEZVBk7S02pUqM0HEjGElKnAvPzbTzxVFrAd1i487I4lnrsa/Tuu6leab4MsV2CyhxfkIHCYJChkAmQCetRCH4KNHsdSdUacvmq7umz2a0MXeM4w2jztiyvehYwclOzjHfNQ+39EehF813a9N2zU+rI1tdtU24z5N1gGI4yllKShY3pA2HKsntkAZyQDs/qiF1PsvWTU966aPWaeqfY4z0pm7yXMR0oU4EBlKAQAe/PGSapXxaXOXqjw6dIdY3hxEi83KExJlP7AkuqdhtrcyPb1YO3sDWw8wy0kkJ/CZ23EjEzUJ0bxJrOqXTDL94SHkoSClSQULLRJUpHCZyJHqTJzEGtdOtOhNMaFc01A0xdZMx+86ciXad8R6VRlvthQb24BSOexGe1eiHg0b2eGXQe4YUmE8Dzn/AMS4K8rsLLshb3qcWAVqPJJ57mvVPwb8eGbQgH+Zvf8AUu1saYoKUVAQOla38Vm3GtJtUOrK1BeVHBOD/wDKuylKV2qoOlVl4nlFPhv6pKAJxo68HHz/AKI5xVm1V3imcS14aeqrquyNGXlR/AQ3aUrWka2i6JtrtwsMaM7cZa1qlOPx0nco5OUADCQD6uxziuubDq6z6QTqm+35FrgTH1OkKjkr2FPDu1I3BJJ57d8139L6Us76od3nNqkRo644mJV/k3lYStQz7BSgfwNSbq5YL5qexi9WVyU3LtzjgW236kuMqTyAOxG3B7cVbjVwhDqGYAJPqURPsKr3W/DTtxZ3F6gqW2EqU22CcH85nYzAhP5hO3Ot9Mahu0W6NMxrlHu/mubVIQ4P0reMHY2ohe4pJGUjNZT7KgXeeqzIZklvY7lW7CSoE5C8jHY4B+VV8m2h61vNyHVBDLbr7xcQoKcaBzvb+ZAxX79PtQtvy5NuduS37TIYC0OpX6mlbhv3H5KGK6brJDnE0c/v59qqDRm2F3SW7sEtzME9BMH+meZ5b1kYHTaRpm8w3ostK247pYK217HFs5wAoJx+HNZvqZ04msWSNdIKlMsKcKH0NspUsL+q8k9uCDwa7KWLOHvhY8+O9JDeVFLvrBTz88nH4VkZF0mmyus+a60kPeYv1lRUcDdkE8EnJr7KU+p1CwfeRFSsN2l2y/buNkEpPDwLCwkpj2mcA52rDQYd8sul4zbuon1yADlKkBCUgqynOe+Pp2rs2K9i1XFtUxT7iC6HFLbdG8EK5+mCCeMVin5Tvqkb1OugEpSTlOfbivmm3guWzJuuxK04ecjsrBKwlQJB+XGa+zts35Si7n2rxaapdM6naW9kSiRHEc7ACc/ON8VZGnw5f7xI+zVOJfcZDiZDgytQyDgknt8gP3VOZ0uXaE/p7eu4eTsXuS2k+SfdxCSe4+SQKiXTp2FcrrLkXCCwyhaQthKhtSkg+31+VTu5NzL+2qyyX5qYjhAPluFLqQPdJHHH1FQ+/HA+G1j0pAnPzyKufww0saep5pziccUcxAMTBhW0zJVzGarLUV7vjNxRc4Sy0mSoOJZ2lOUq+6Tjtnvms5YWGL42/LektONLADjLvlAIUO5BB3ryfc1iXnZDSodofAEpttTbjrrikrkrScK28kEjv9flXBDrM51yJbZwbcgtKcfbWEJW4323ADjPB5x8q3ipLjYbwkjn2/fOvVpY3AdN2oE8X5DuVESeHJ5GSntjkKaotEWalqVChrYTFVuS0xlQdIxzgcj7v4VHI+qYeqbQbS/bXI1ukoWwFlhLb7agFJKndhzuBBzuHz4qxrU25cWk/EMeXERgrUCSEjGPfPcjP51rp1QGqdJ6pu0q23Z5Viluh6OSoqQhJA3trb7gZHBH0+VYY062vXFJcTKhz/768619c8Q3/hxLbtuvhQd0wCOxg8uUiN+tWfpjS9vtTsdEO+XWK6U5QpiSU7m088pSQMHFW/Je07abMzMu0ud5gRhxZA3rA7nIV2JOM5/KtaOn3iIvdvZiwtQaI+KsbTikh4pK0x0njng4Ce9bAGTpXXdgEdiEwwJraksFLScpUMjOU8gZrjXWkXGnqn8pO4qTaP4y0nxQyCkcLiAJTy+Ej8M4mtUvEc61e9Uq1nZLemPBdjtsvNDDjjamxtC3PxGO3bFdTpb4kdadJLNIsNgt1suNrluplfCTmT5aHRtwpJB9JO1P5pBq22OmIgXNy3SnZzTjfZ1CSsY+fp57f/Nfrf8Apfp3Tmm7jdIOnLPcVPMrbRJcgsB1Dh/WSopyfqScmoTqfgxTl+bmwd4eLJkYk9D33irn0P8AiTZHQU6Tr1mHkt4SAdwnaQRgp2BBqoWPFd1agdRZ/UpudBM6ZHTCegOMqVFUwklSUBIOQQSTuz3JrBdYuuGuOsbdvTfxb4MC1tbYMC2oDbLa1DkjnnOAB2AHFd7RSdNwNSSLfqjSEA25p3yVuORmlHIGSsZTkfhVuWnS3Tu9MzFaesNkvEGU2pKJEeG04lpaOcFITnnsT9DWV+AtSR905ciD1B516Z/ib4TcT/MbHTIdaSQIKQQEynHt+GYkA576e3iQI7Uh1jJeKCVIV7YH/wCflXqh4MHFPeGDQLigApUF0qA9j8S7kVqL1EsWmdL2+RqGzaY02qSzuzDetzSi2XeSSjBBCU+w9xW3ngzd87w06LdEZmOFtTCWWUBLbf8ATH8pSBwEjsAOMCs3Hhp3QUIU4sK4p2BEVXPiP+Jlr45Z+zW7Cmy2ufUUkEQQNtvjV20pStSodSqp8WGP8F7q5kkD+ZF7zj/Qnataqp8WGD4YOrQKtudFXoZ/8m7QVg7VQOkbm9Ktd7ddjqcZuTi0kJSdpcyTjt7g5/DA9qmkC4MR7A0gtTn1MsOODaRltIBCVZzyduMj6Gqd6d9TLxcG4623GYTLz7jKGwgrC1uJKEJOOxwBhX0qceVcGrcmwsO4UptcZ30LGx9WQhKgcYGUn6c/WrYurbhc9QA2/wC/lioroOvPPNm0aPEVIJSMRO4xtkHf4b1+9ysFonQ47E6PKVMmtFtkqcALbeMK57Ac9vfNVNZelE/Q2or620G7hbJTSG4TaVAKHrCtg9jgA8jvip3rZydd7PFk+V5dxsewqcbSPMQ6CrISruMFBH7qx+nb7PtkEK1LPbD7wEnzVv7FnCeeTkbuDkDjB+tbdsp9CiEKnqPjIioDqX2TUNaDRbDbaRuABI4ZVxY3JPPaq+notyVKtT9skN+W1u8xoBRSM4OT35IrHQtQSLPuEi4PORmGxkOcK7DG3Pcgdh7gYqV3p6G28xdrVKYadlPLdCHGxtWlZJ2BX63fis6/o9WqLRFtgdZalhPxYUlOzIQD5SDjBzzg89x86kD90htI4sDn2qtUsv2d0pVurIjh4eYjHSJBHIVgbFLiz4om29Tr7AUQpWw+kjuCO9ZC/aWmqQzIt+qnbMS3kNoQhaScjntk/UVldJ2G7WTzjO8nywHbe+lPBDiklTayoen72BnP9hrJa2agyLNHVJjNrlMsSZRmtgtJZWEekbDyQTjtkHFc967C3QnBHb51LNDaU7YPXqkELZAIk5iY5Z578iMxX76euLjzCGpUtDi2R56nENBAcUeytvtn2rvStazUXaM5Bua3JAOAkH07ffIPyrrdOb1Y7jp+bbH70ftBsIaLXkjJISBwe5BUfyzWBlxk2XVDVmvqQ3JmlLAWhCnFR0qVjJWg+k47cGtX7sqWFJyOUbjmanJubxNkzetLJ8wjnlKlKhIJE/8AtU7dnu3grDTbU+Sp5oeb5frZewM5AGOCcZ+VdpnS8Z29w5F3uUZC3iCEBW51KsgqTvHZJPBB4rtw3LNEK2nkoO/ezJQptI2qKcpd2kDJJHBqL6uCdPR33nH3G0sBI8pTWzzitAPOO+1WTiuM2ONXlI9IPbf9+1Wxf3Y05r7RcAucOSZgACZnOTgxJOcAcqsm+Xu16cQuahxhcMbWnmWyFHb7cD3qmtTt2vU1zG2CUMEnCSMj54Pz71GH7k668+zeG3WnWcqcQApKdw4O49uOSMnsBWYtKbzqaParTZbUt9bCyp5xSzhYUe6iP1QkfwrsWdk3pw4yZOxOwAqstS8RK8YOFpDflpGQk+pa8gHAyPbtVD6rmXzoxrGTGXK+PsUl1T7ElHq8llSjsTg8+kEAg1buiPEJoTp/EEudMG2d61x4wDqDlIwtKBynnv2rLdVOkz5sjdsiWO53G8YKt7SkpZCP1m1FQJWD+Va3yLm3pGwOR770+jxrqwhbcX4xhwpW6FfeJxtyBk4PHFbKbhnUGiyvI29+9cK70rUfCurovWhw85yUiRMEbg8t4ggGtybT1t0XrSQxI0/fFLQ8kJQExloUSEkqGVAc4Hb61j9Uj+cdhTIt14CrVGLhfwMLUEHttHfBArUHSniQ1hb71Zm7zFhmz2qW2pyPHjpbIbBAUQAQM4z2A71sXpTq3o7UWpIVt0HcYM2JcZSvOhKGx+I8onCyhWMgd+Dj61yl2v2NaeETH7irH0jUrXXWnfOe4FqgQJ3UMEJkkpmQQOvvUXiWi36iu705yCtxtxnylLSn17jkEEfqq5qO9EJ996b3e6aEnz3ixGmeZEQAnAZOcK4GeeBz75q3LCNJ6t0vJY0suOL3BuLkeREZ3BbTwUQoKV7JCifoOapu66quFu1PcE21apNxhhUR5MyO2kJUnuhLhIJ9yPfPbvW+w2LwOJQYnryg1r3FydLVbOuiVtndAJCwoGY2naY3HSr0u8uzzbm+1cbM1Ky3vU0taErIdSAkpHGRle3j3zV/+EOK3B8POl4TX3I7lyaTx7JuEgD+ytOtP6703qKwwoiY0gzI6wy9JmEBTCUr8zy1LVgkgdj9K3E8IKlL8O2lVrAClLuRIByM/HyPeob4uMtMgHYkfICujZ2ybd1woA4V+oEZOdwT2+vOaualKVBq6FKqnxYgnwvdWwCkZ0Te/vdv+5O1a1VT4sElXhe6tpABJ0Re+/8AoTtKVrp0g6dxbZZYur9QR0M+WCuEwo+lYPbeOwUDgAHtispMD76npEy4OqltFLjryPvJ3lI9Q9wjAIzUb0NqxUrSzNvfuyD5gbTItraVFxx3aUqV807gkEkdiSfeuOnmi5LiyW7koLk21Dc0PHYC204UpdUT3WgBSVfWreU28p5xT5zPTEfuaqnwYZbTc20KJMSTJMcI5dyn4AzyrKa+RfHLJOuloCGJzjBfcYVyEupBC0n5gEk/gFH2rCaVfhao6f2y8XO2trkBTrEl9SRhtastlGw/dPIyPYn6VN570IwLc59pJbaU9j4tlQKNwCVE5P6p9QOeeTUAtunpFobv9sffW0zOkuyVEAjYcELSoj07geOO+Mjiti0AUiDgg7842itnXbA22qPXrLfmIWkgjBAXAUJHRW0jG/Sug7brUmY8zBYbkt4EpDKvus849HyOckD6VK7Fq6LLjQ2IMF5D6Gz5qy2VKKQSCcgcq3DtWRnIk2K1RoaNPLfgSg5IamMuNFxK8hYJBPKAVH37GojG1FcZ16VDbnWy1PB4OvBnalC9uPTlIPq7K7/OtlxQv0nGBzn4bD9iqkCHLJQcWNycARzmATyE47e1ZW+W86kW1CsU/wCKYWtDxZa3pw6lOSlQ7fd4GRyo/jX6FnUGrtOiywQlUq2srU0p3O/yiSFNn3JwcYz71+Oo+oRs91k3m12iSu2w20CZIaaS2orXxkKCe+fY/TtUKka819C6jOw9Oym2SzI3IBRwpspBKV993Br4sMXC0YAHCJE7g9DAHKpborrGnPFx5RKHTwLSkZg5BEyNwSD2I51mun7Nva1hZ2UEfFIfCQ6EbGwoAlWAR8xjvkGpz1Z0NdNQamg3zTy20XVYZbwskFflnOfrwruT7V1OmDs61Xxbd4Yjs/GqWtTTfqbaP3twJ+7zn99WbMs9olSXb5LbfdL8fCfJcJC05ySMewrQvrxSLoLPIR13q0/CXhu01PQlokqlwKyeDhKQPUCmYkHGMTknnDNRaqSuXHg6o0+43OdwnzmDnapJ4JHZQGKlcqwK1FpJUQvIu8OUoOx3HFYUlPHAV3yMKFfu5C05Lsy4kKAmbHCT62fVtJ4znvnk1BNJXqx9K7+3YJkh2HHuj5bYYW6paELUfv8AqJwB8vrxWll1HEwIUnMdfbpU6e8tlwt3wCm1iCeQBxBMQqc569KwF50hqbRlh1NGVOMlU1hp1pRR+l4ACgT3ztrO9LdTTIOr27euC+iPNsbLrzgSD+kH8R7pPzNWBqh34SC/dLrKabbePlpSobhznIHvitd7x1CtGn9eOXDTF1nNzIEZTbbS4Kiw+nOQ2o5B2k9lAcHmtu2dcvWVtuAGRuAd8RMe1RzUdJZ0W6YurRwpSgplJUNuJajHErJIUcbwABWxlylx0LS/JPmNFajkA+oHun/+8VVfVy0WzVMf7CasbF1edPxDbchSWdueCUr7A8/nUN0h4p52q9Qi1y7BEZt8xPkGQtzHkKIwNx7Hmpfqi4qiv6dnRrilpLS0MvqQMgpUAknPy5zXzDD2nLTxiD7yKkVk9pPjK2dXaq4kk8JBSEqHfO4PXMZrWXVfht1zOL87SdvZlOKccLEULSVkIUd23PCsAH+NVYIV004/9r2x+RCududwkoWULjuoG70e4PHb8h3reReoHNL3hLUm3lyOqYpKlkbvLbeOEKUBzt3HG7nBNYjUPTPSd9nSdV3KxqiXC1BUuVLbUUOSPKGdq0k7VHAxnGcc11lahxtkuDB2NV3rfgg2L7bWm8XmcWU5gHBnij0wJMkgQDzBFUzcdXWzSNiRry32qRatVaxUiM7LYdWYhWvPxD2EK2odSrJCe4JzXasFnivanTrCHPs93mrZLqmYzxU0qaoH0qJVgKOSBu4/Oq81hrXTWvJlktEa2Gy2+IVOIaA83ylKSFKGRyVenHfOSBmsZaL7etGXFjUGl2SlorXlp5ghEpsfeC933vSSCO6c14NnxCZhUe3wrzpvictupTeoS42hZ9SQMQr/ADAk81TJ2nY5xV9SbMy9pBpyBHuEFKUPsONykKb+HWCk7FnnISoAg8+kgjI5G5XgvYVF8Mui4ys5abnIOe+ROfFaaaP8VehbpZmdG3u1LtbyOPi5shLiGXRhSQcDJb4wpR7bsHit1/CI9FleHzS8iEWzGeXcHGi2co2KnyCNv0weKhXigrDTaVjmamanLG5dD9o4FHhSDHLsR+mBgxyq46UpUNr1Sqp8WCtvhe6uKzj/ABIvf/RO1a1VR4ss/wCC71cA99EXse3+ZO/OlNq0C0/fX7ffbLPu0qFIajyI4ccadOW2nHD/AFik4JweTk59u3FWNai5ObtExMdLVytdynQ7kwvltpLjilLGSM45Ckq98CqWl2WRcmkvwStUWO478KlKCAlvlZAPcgDP5A1MunKJVruk5u6ITKiJbSiVL84rSEbP0akn349vYDFXyttK2+MHI/f/ACaorwrctsPfYX0/dkn1d5Cp57FAzsBxTyqydEXC06Ou110z5TKLai4fEFhaApppDrfqKR+xkHn6Cst8Vcb1rB2XDgRW2ZTSRhYS2Upb+6nCcEjGAe/H0FQO83CPep0C5m0SWpTLSWm5jXqbkMfsrHvyADnsRU4tEaKLW0mU2Iu1REiK4MrAUhQ2oI5Gcn37E1z30pbT5h/GRHX4/Ou+rVwh1WlIPm2qlEwnC4IwDj8MTMRAykkbZXWt7l3O1rhtX+KyiJguq2DyQlbf3UjOEkJVx9MZqrG7NJtM6PDgKcZDKNzLZ++rbwePfOTk4z2qXav6ZXyCpEy13dQhpAC1YCCQfupUB91I4AAHsKjLmh9W2K2xVv39cyNHkLdjMMcraUteXAMjOP7CKzZOt27MNrEHt2rxrXhu+ZddW9aKRG0KkJH9QJKp+EZrO65kO2TSPwLUtUVV6uYbfb3haChpIC1DOM4Jzj6VF7TdrNYFS5JuCLhIksmOxcG2ihTDigUhKsgbsHaeSe1fh1QvMK8aoZchQfh7fBQIzUcL3BCUj1KUTycn1ZPf3rAWk/akVlhbe4qWhSgghKRx/WA5wOM8D55rdtmOG0l3BOSPfvVfX7/2d7yUHO056bfEyes896sSHqaO7qA2pDnkSoUdMV1SVlwOKO0EbvuqPOCKuXQ2qrdIinSJWLZMh+YhhLuSFp7KCfpyffOOea16lW3+aUNnUsu0E2130KLTiAUO7cf1YOQc+/zBqZ6cusGY3ZbxMffu0FO1OwOJC2FpA9ajgEhJxxnPyrl3tu3ct8SNv+R++dWj4H1W5tLklcIJiEkGPLVGdpj+4TMZFTnRt7GmNVOabuvmtoeSI7bo4SpY5TuPYnB7+4rJ9ZtCrv2mn7hDW0zckKStmV5YVscScoVzxwe9YXUjsnWyEaShIbR9oPtLsdwjubtjiVDbuUQd3O3cAfuqVV1WyFp65WmRp6XfWX5kFsRLglKSWmnQgZGTzx8z71G37ldk8hxRyd+eO8fKrp/w1wyuzV6k+xkfvBB5ziqRcvUvUFmi228x4770dDbrjrKygqUE4JHzPf513dNae0vBdVqG3oW7ILZipdfV3CvntT7fUVJ43Te7wlB2O7BTFlYMYKkJBeC1bUEDuOVJFfJekb6/EehaV2MuQXPIlJeKchZXtwkkEKycY+ea+jt6yonyFQnnnGa2bBLKUD7YUrUnIMeoREZ5wdprz36y/YNi13d4mhLhNVGC3FS29hHwz/mFK0ZPdIUM59hisv0Q6nyrZq8xdbSnpdqLakS3FFxaY/7KgACB3A/Otr7z0A071D+Jscybp83GROEOTcY0uO8/DkA4U24UncHcf5NXPtUMm+CiTpO+3F6xPxrxAcU7FnuTpKI7KIa8gKC+wdRgKwfl3FddvWrR9sMvL5c/1mq1uvDd5per/wAy0taMqKxwTwgSfTEnE7gHrEVN7JqTS/UWZEu+nJyngEeU+pTPp8jJGD2P1BFflc7hCt6NUX5y3KjRgGoy3JiMtSEgBClhA4KcHAJHNQSZ0b6i9HekWrnLvePsh/TrbM2z3GHIKvi2VyUoDboH3c5BSE5zkfOsebjd5XSjSuoHluIY1TdX40mDKST5Hl7fUlW0qwpSs+oADOa+aPs7vqaXKJCevLiI74qVN+KnFw1dtxcEFWNp/ACNyADvHUEE5rOX/oF006nWy3rtzcS3XBpvDT9mQGw5nBSVZHrIxnHfvzWsfUWxudOdXuaV1fY2jIigpZltrWmPLCklPxBb7BXGTtxymt7tUxdN9JdNNWx+6uTkwLsu1qcSyfQttlt3cpKM4VhwdjjB+tfetfRbpJqnS0/U3UCVKQxZW0zPjILG+Q0lxpTiikZBxgZ25OT7HtXxttaatlJ3UgzGO42+da2vaDZa1aB5hSEXJySJzG4UIV8DHLpNefOrJStUxbNbWLbAZTaW1w25Udkb5DYO8KdxwSCcZ+leo/gZCh4UungWMK+AeyMY5+JerzZ6w9Hbt0ZvjSrZdXLjp6/RG51muTCg2ZEZzkBaFgKCgCARgfhXpd4KkKb8MOhW1ZymNKByMHPxb3cVxvFjrbzDK2jIJVGPb61GtEauG7l37SmFQkGecSJ2GP3NXfSlKhFSWlVT4r8/4L/VzAz/AIkXv/onataqv8UkKXcfDV1Vt8CI/KlSdG3lllhhsrcdcVDdCUpSOSSSAAKbVg7V53WiJZHpLQ0/qaFfH0kFbjKAlSkqHCyeB8+Me2amVvtF0Yuj8mNOCYzyUoLLbQIeITjcpRGc/hxWvtitk/Tl3U7H0VrHyVNIZWBp2cQAMc48rnHPFX3ojqdb9PvRnbla9XSS16Ax/NO5K2e4cCvIyeDhQ/aBIOKuK71W0baHlPIJA6j61QadD1D7Wp5DTiRPJKsTvvy65qZ2DSzsZhqNDiKj7l7gw2rYUKz6uwwOSPepXAVB0uhhU+St54N7pSHkkhKMklWVe3yP14qj9I9YdHSNQ3+fbZV6ekLkJamRGbDPkLbKeCpaG2VFtQIxhWFApNZKd1aRdUSHbtZtRynFuepp/SF0ytkgKSELEfKFJ7Z57DFcxy+t3nOFTyeH3GT9BUn0DTrq2u230MqQW5MlM4xPvIG0bSADitjWodj1bARcGVIeZlt4akx3OcH6jucEd6gcnpu5o6fIuMKZKkd+NpB7+/OCfrUG0z1ssGnHGJFosOtGo8jeuVDlaWuZCc/qgpj4yfmPepdfPEVpJ6AyqyWjVbcuTgO+ZpO6jygePWfhzu+fFagvkW6+Bt1JQe4+tW/dLsdds/NvUlDyMyAZ/wDHaZ6HI686rufYXBMcbfe3y1JwpBABII9/fmvlj0489c4Wi7HATKu099Da47bgwhAx7k4CcJySeMV0NUat0TImTZVq0zqpy6yIxeTcU6XuqU+eBw2P6PuSk/mKrZu+3psP3G32vWsK6yUu+c+jTdzQUbvThspYzyjIJOOCakKdXtHEgF9IxzIieRImY/3qgb7wzdm4W4m3PCCTiSTkAjbJgjORE/01s21puxydRTtHx9XQr7DhKKLtBjuJGx7bnymnFA8pUcEj3+uah8fQWqrXePtHTqpDKM7ZEKTgh5IPPA4zgd8VUXS66vaa1czPm2vVkG2padLzadMXTC1g7kn0sfeUQOfrzW0zfW/pbKfEia/qvzlEkJ/mddzx7DHwxzgVyTqzVgeFD4WCM7Z981YnhPQ2tat1DUWyytkjy1ElJSDMgTEgEAxtmsboW8RdN6jYlWyRGfRBlNypEZZAWcEkrGeyhk8/T61cVka0JebpI1fZZs5t6U2tp62l5J8xWVKAJCzwlRJCgM+1a4TetfRK3aqfai3C7IfkKCsp05dEPpWDkHaWArv3xUlPWDp1GfU8y1qv0HzGSNI3gZJHJGY3B/hXPvrmzvVBzzYVGcirB0e3XZAoWtIAJAhXKZETkd++29XRetWwFyrVapNlmLRGtrUd8MIUpLLoTyNo9QSMD1dvnUk1PKgrgW6W27IYkXdxm4Sn2lFLi1IAS2pGOxKefl2rXxfiJ0v5jTyoF9kOtjCXHdH3cOD6FQi81wu3XPRGpXGpd9jXlZbQlpTR0deFnYk8BJMXGMe3Fc8tW3oAdTAn8w/feuqXrdS0cRB4DjPL5Hr3qS6iuGmndUWq66XRHk39Go41yduv2U3blyYLTgW+0p5I2ylLwMH2zkVNjOsLMa/JuOqrlJZm3d+7RZS4e8MFzsxsSeUI9j+Oe5Na4ah1bop67KuNjumpUokFSHI/8zrulrB7BSDFKVpHAwRx7V09H9alsKRbtRab1W3FWQ+h1OmLmURyrClNq/QFS8KJGee1fby7SBwvDH9w+grxZLsmFfekhWYg+kH2yPj03AO2wfVLUdk1R0humjrLOeVNnWRmPEXNZG1bqHgsLVtPGMA4zj2quOk9kkv9MrFpDXepJkKdpy6vSSY0dMv7QjOlO5pQUAUcJODnA3dziok91RscudhY1UyykkbkaRuvIzwAPhu1SaF1h0CwhgOtaqWvOXFL0hdhj90bmtlLlpbM+Wh4Ek8UgjBiP0rTVp9lfXirlXojAUVAkg9grkdpFZy79bda2h6fMh2TUdsl3bVsy4LjxS2oKhiMw1HK1EkHcWiSkEYzWa6tdTend10beW9R6jvNjj6v+FTIWm2ec60220UupUkKwnO7GSe1QO79eOjNhDkzUd3vyUv5EduRpq4x/MV+wkusJCjyOM/Kq+6m62sfUXRl0sLGlNYWmQhAXb1yNNz1OLcBPCtrJCQSAO/GQfavggae4pA4gkJ5gieXXeIr3eabZWFqs2r/ABOgKKNt4ncAbxHxrG9dOs3TbqbAjTNPlbkTR0aNAhiQkCSpKXUqWtY7DJTxjgYNbw+ClanfDDoV1YwVxpKj+JlvV5Mo6fal+wJTEvR2pVTZHrbSixS/0ZBzsUS3+XvXrN4K4c+2eF7QMC7QpMOY1BfDrElpTbiCZLp9SVAEHn3rU8RLtvJaatlhQBOxB3jp1qI2FxdXSy5co4TwjkcmVb9/n/xV4UpSonXVpXFaQtO0gH8a5UpSvyIIwVjuf3VQvX/rDqUXiN0O6Lj4rXl7SPPkI/q7NFI9Uh0/qqxykfhwSRV8zGXZEV1hl8srcQUpcABKCR3weDj61B+mfRjSnSwXOVZXZ067Xt9Um5XW4vebLluE5BWsAcD2SBgUpVS+C/oWnpVZ9W3WdDli6XK9SIqZkxpbbsxhhW1MjCuSlxe9YVzuBCsnOa2VSkpGB2/HtRtvZnKs5rnSlcfV8v409Xy/jXKlKVx9Xy/jT1fL+NcqUpXH1fL+NOe+P41ypSlcEhWST7+3yr6Qfbn865UpSuOFfOmFftVypSlccK/ar7ggfOvtKUriN37P8aHd+z/GuVKUrX7xmdImOqfTWK63a5cy42O4x5EdMRhT73luOJbd2NpB3kBQV2/VNfj0R6m6q0nqRXQXrQsi/QkbbLdVg+XeIqRhBCld3MDkE5zn3rYVSSVA+kgfMVCepvSHSXVW2xYOoW5LEi3PpkwJ8J3yZUR1PZTbg5T2GQP7eaUqahKSMj+FcShRJBHBPzrhb4rkKDHhuynJK2WktqfdxvdIGCtWMDJ7nA7muxSlKUpSlKUpSlKUpSlKUpSlKUpSlKUpSlKUpSlKUpSlKUpSlKUpSlKUpSlKUpSlKUpSlKUpSlKUpSlKUpSlKUpSlKUpSlKUpSlKUpSlKUpSlKUpSlKUpSlKUpSlKUpSlKUpSlKUpSlKUpSlKUpSlKUpSlKUpSlKUpSlKUpSlKUpSlKUpSlKUpSlKUpSlKUpSlKUpSlKUpSlf//Z', 1);

-- Volcando estructura para tabla webpf.rols
CREATE TABLE IF NOT EXISTS `rols` (
  `IdRol` int NOT NULL AUTO_INCREMENT,
  `Rol` varchar(60) NOT NULL,
  PRIMARY KEY (`IdRol`)
) ENGINE=InnoDB AUTO_INCREMENT=6 DEFAULT CHARSET=utf8mb4 COLLATE=utf8mb4_0900_ai_ci;

-- Volcando datos para la tabla webpf.rols: ~3 rows (aproximadamente)
INSERT INTO `rols` (`IdRol`, `Rol`) VALUES
	(1, 'Administrador'),
	(2, 'Gerente'),
	(4, 'Cliente');

-- Volcando estructura para tabla webpf.tiendas
CREATE TABLE IF NOT EXISTS `tiendas` (
  `IdTienda` int NOT NULL AUTO_INCREMENT,
  `Nombre` varchar(200) NOT NULL,
  `Direccion` varchar(200) NOT NULL,
  `Latitud` decimal(9,6) NOT NULL,
  `Longitud` decimal(9,6) NOT NULL,
  PRIMARY KEY (`IdTienda`)
) ENGINE=InnoDB AUTO_INCREMENT=5 DEFAULT CHARSET=utf8mb4 COLLATE=utf8mb4_0900_ai_ci;

-- Volcando datos para la tabla webpf.tiendas: ~4 rows (aproximadamente)
INSERT INTO `tiendas` (`IdTienda`, `Nombre`, `Direccion`, `Latitud`, `Longitud`) VALUES
	(1, 'Quetzaltenango', '14 avenida 8-43', 14.842840, -98.518180),
	(2, 'Chiquimula', 'zona 3', 21.780000, -103.045000),
	(3, 'Escuintla', 'Zona 3 esq', 14.837070, -99.502920),
	(4, 'Jutiapa', 'Zoan 3', -14.235650, 100.365890);

-- Volcando estructura para tabla webpf.ventas
CREATE TABLE IF NOT EXISTS `ventas` (
  `IdVenta` int NOT NULL AUTO_INCREMENT,
  `Fecha` datetime NOT NULL,
  `Total` decimal(8,2) NOT NULL,
  `IdCliente` int DEFAULT NULL,
  `Destino` varchar(255) DEFAULT NULL,
  PRIMARY KEY (`IdVenta`),
  KEY `IX_Relationship7` (`IdCliente`),
  CONSTRAINT `Relationship7` FOREIGN KEY (`IdCliente`) REFERENCES `clientes` (`IdCliente`) ON DELETE RESTRICT ON UPDATE RESTRICT
) ENGINE=InnoDB AUTO_INCREMENT=19 DEFAULT CHARSET=utf8mb4 COLLATE=utf8mb4_0900_ai_ci;

-- Volcando datos para la tabla webpf.ventas: ~18 rows (aproximadamente)
INSERT INTO `ventas` (`IdVenta`, `Fecha`, `Total`, `IdCliente`, `Destino`) VALUES
	(1, '2024-11-16 20:16:23', 250.50, 1, NULL),
	(2, '2024-11-16 20:16:43', 250.50, 1, '9na calle 15 avenida 15-61 zona 3, Quetzaltenango'),
	(3, '2024-11-16 20:16:53', 3699.00, 2, 'Xela'),
	(4, '2024-11-16 20:18:55', 10000.00, 2, 'Xela'),
	(5, '2024-11-16 21:24:26', 10000.00, 2, 'sds'),
	(6, '2024-11-16 21:30:09', 7995.00, 2, 'Xela'),
	(7, '2024-11-16 21:36:31', 10000.00, 2, 'Xela'),
	(8, '2024-11-16 21:40:23', 10000.00, 2, 'sd'),
	(9, '2024-11-16 21:43:08', 10000.00, 2, 'xd'),
	(10, '2024-11-16 21:49:57', 20000.00, 2, 'cd'),
	(11, '2024-11-16 21:59:22', 10000.00, 2, 'dfdfdfd'),
	(12, '2024-11-17 02:22:29', 10000.00, 2, 'asasas'),
	(13, '2024-11-17 13:14:25', 10000.00, 2, 'Xela'),
	(14, '2024-11-19 19:38:52', 3657.00, 2, 'xela'),
	(15, '2024-11-19 19:40:47', 36570.00, 2, 'sds'),
	(16, '2024-11-19 19:57:39', 5697.00, 2, 'MAZATE'),
	(17, '2024-11-19 22:30:11', 20792.00, 2, '14 avenida 8-43 B zona 3 Xela'),
	(18, '2024-11-19 23:35:06', 7356.00, 1, 'Xela locococococo');

/*!40103 SET TIME_ZONE=IFNULL(@OLD_TIME_ZONE, 'system') */;
/*!40101 SET SQL_MODE=IFNULL(@OLD_SQL_MODE, '') */;
/*!40014 SET FOREIGN_KEY_CHECKS=IFNULL(@OLD_FOREIGN_KEY_CHECKS, 1) */;
/*!40101 SET CHARACTER_SET_CLIENT=@OLD_CHARACTER_SET_CLIENT */;
/*!40111 SET SQL_NOTES=IFNULL(@OLD_SQL_NOTES, 1) */;
